rosbagTimestamp,header,seq,stamp,secs,nsecs,frame_id,axes,buttons
5.38190436363,,1,,1636657994,40303945,"""None""",[0.0],"[0, 0, 0, 0]"
5.38236165047,,2,,1636657994,40303945,"""None""",[0.0],"[0, 0, 0, 0]"
5.48261022568,,3,,1636657994,40303945,"""None""",[0.0],"[0, 0, 0, 0]"
5.58331489563,,4,,1636657994,40303945,"""None""",[0.0],"[0, 0, 0, 0]"
5.68265461922,,5,,1636657994,40303945,"""None""",[0.0],"[0, 0, 0, 0]"
5.78281879425,,6,,1636657994,40303945,"""None""",[0.0],"[0, 0, 0, 0]"
5.88270282745,,7,,1636657994,40303945,"""None""",[0.0],"[0, 0, 0, 0]"
5.98264074326,,8,,1636657994,40303945,"""None""",[0.0],"[0, 0, 0, 0]"
6.08328056335,,9,,1636657994,40303945,"""None""",[0.0],"[0, 0, 0, 0]"
6.18285441399,,10,,1636657994,40303945,"""None""",[0.0],"[0, 0, 0, 0]"
6.28283619881,,11,,1636657994,40303945,"""None""",[0.0],"[0, 0, 0, 0]"
6.38336777687,,12,,1636657994,40303945,"""None""",[0.0],"[0, 0, 0, 0]"
6.48293375969,,13,,1636657994,40303945,"""None""",[0.0],"[0, 0, 0, 0]"
6.58271670341,,14,,1636657994,40303945,"""None""",[0.0],"[0, 0, 0, 0]"
6.68273568153,,15,,1636657994,40303945,"""None""",[0.0],"[0, 0, 0, 0]"
6.78320074081,,16,,1636657994,40303945,"""None""",[0.0],"[0, 0, 0, 0]"
6.88333153725,,17,,1636657994,40303945,"""None""",[0.0],"[0, 0, 0, 0]"
6.98349285126,,18,,1636657994,40303945,"""None""",[0.0],"[0, 0, 0, 0]"
7.08272361755,,19,,1636657994,40303945,"""None""",[0.0],"[0, 0, 0, 0]"
7.18299984932,,20,,1636657994,40303945,"""None""",[0.0],"[0, 0, 0, 0]"
7.28299474716,,21,,1636657994,40303945,"""None""",[0.0],"[0, 0, 0, 0]"
7.38347387314,,22,,1636657994,40303945,"""None""",[0.0],"[0, 0, 0, 0]"
7.48294329643,,23,,1636657994,40303945,"""None""",[0.0],"[0, 0, 0, 0]"
7.58339548111,,24,,1636657994,40303945,"""None""",[0.0],"[0, 0, 0, 0]"
7.68279457092,,25,,1636657994,40303945,"""None""",[0.0],"[0, 0, 0, 0]"
7.78302741051,,26,,1636657994,40303945,"""None""",[0.0],"[0, 0, 0, 0]"
7.88332223892,,27,,1636657994,40303945,"""None""",[0.0],"[0, 0, 0, 0]"
7.98339104652,,28,,1636657994,40303945,"""None""",[0.0],"[0, 0, 0, 0]"
8.08361411095,,29,,1636657994,40303945,"""None""",[0.0],"[0, 0, 0, 0]"
8.18335437775,,30,,1636657994,40303945,"""None""",[0.0],"[0, 0, 0, 0]"
8.28308606148,,31,,1636657994,40303945,"""None""",[0.0],"[0, 0, 0, 0]"
8.38314795494,,32,,1636657994,40303945,"""None""",[0.0],"[0, 0, 0, 0]"
8.48329520226,,33,,1636657994,40303945,"""None""",[0.0],"[0, 0, 0, 0]"
8.58258509636,,34,,1636657994,40303945,"""Hard Sip""",[0.0],"[0, 0, 0, 1]"
8.68282175064,,35,,1636657994,40303945,"""Hard Sip""",[0.0],"[0, 0, 0, 1]"
8.78322458267,,36,,1636657994,40303945,"""Hard Sip""",[0.0],"[0, 0, 0, 1]"
8.8828868866,,37,,1636657994,40303945,"""Hard Sip""",[0.0],"[0, 0, 0, 1]"
8.98319292068,,38,,1636657994,40303945,"""Hard Sip""",[0.0],"[0, 0, 0, 1]"
9.0834069252,,39,,1636657994,40303945,"""Hard Sip""",[0.0],"[0, 0, 0, 1]"
9.18315148354,,40,,1636657994,40303945,"""None""",[0.0],"[0, 0, 0, 0]"
9.28276085854,,41,,1636657994,40303945,"""None""",[0.0],"[0, 0, 0, 0]"
9.38278007507,,42,,1636657994,40303945,"""None""",[0.0],"[0, 0, 0, 0]"
9.48323559761,,43,,1636657994,40303945,"""None""",[0.0],"[0, 0, 0, 0]"
9.58354449272,,44,,1636657994,40303945,"""None""",[0.0],"[0, 0, 0, 0]"
9.6833281517,,45,,1636657994,40303945,"""None""",[0.0],"[0, 0, 0, 0]"
9.78329372406,,46,,1636657994,40303945,"""None""",[0.0],"[0, 0, 0, 0]"
9.88346290588,,47,,1636657994,40303945,"""None""",[0.0],"[0, 0, 0, 0]"
9.98326182365,,48,,1636657994,40303945,"""None""",[0.0],"[0, 0, 0, 0]"
10.082859993,,49,,1636657994,40303945,"""None""",[0.0],"[0, 0, 0, 0]"
10.1830985546,,50,,1636657994,40303945,"""None""",[0.0],"[0, 0, 0, 0]"
10.2829873562,,51,,1636657994,40303945,"""None""",[0.0],"[0, 0, 0, 0]"
10.3830628395,,52,,1636657994,40303945,"""None""",[0.0],"[0, 0, 0, 0]"
10.4827504158,,53,,1636657994,40303945,"""None""",[0.0],"[0, 0, 0, 0]"
10.5829927921,,54,,1636657994,40303945,"""None""",[0.0],"[0, 0, 0, 0]"
10.6826789379,,55,,1636657994,40303945,"""None""",[0.0],"[0, 0, 0, 0]"
10.7830605507,,56,,1636657994,40303945,"""None""",[0.0],"[0, 0, 0, 0]"
10.8833065033,,57,,1636657994,40303945,"""None""",[0.0],"[0, 0, 0, 0]"
10.9834506512,,58,,1636657994,40303945,"""None""",[0.0],"[0, 0, 0, 0]"
11.0832219124,,59,,1636657994,40303945,"""None""",[0.0],"[0, 0, 0, 0]"
11.1830506325,,60,,1636657994,40303945,"""Hard Sip""",[0.0],"[0, 0, 0, 1]"
11.2827441692,,61,,1636657994,40303945,"""Hard Sip""",[0.0],"[0, 0, 0, 1]"
11.3828210831,,62,,1636657994,40303945,"""Hard Sip""",[0.0],"[0, 0, 0, 1]"
11.4825086594,,63,,1636657994,40303945,"""Hard Sip""",[0.0],"[0, 0, 0, 1]"
11.5828807354,,64,,1636657994,40303945,"""Hard Sip""",[0.0],"[0, 0, 0, 1]"
11.6832919121,,65,,1636657994,40303945,"""Hard Sip""",[0.0],"[0, 0, 0, 1]"
11.7836210728,,66,,1636657994,40303945,"""Hard Sip""",[0.0],"[0, 0, 0, 1]"
11.8829782009,,67,,1636657994,40303945,"""Hard Sip""",[0.0],"[0, 0, 0, 1]"
11.9834468365,,68,,1636657994,40303945,"""Hard Sip""",[0.0],"[0, 0, 0, 1]"
12.0836243629,,69,,1636657994,40303945,"""Hard Sip""",[0.0],"[0, 0, 0, 1]"
12.1832232475,,70,,1636657994,40303945,"""Hard Sip""",[0.0],"[0, 0, 0, 1]"
12.2836074829,,71,,1636657994,40303945,"""Hard Sip""",[0.0],"[0, 0, 0, 1]"
12.3831880093,,72,,1636657994,40303945,"""Hard Sip""",[0.0],"[0, 0, 0, 1]"
12.4829268456,,73,,1636657994,40303945,"""None""",[0.0],"[0, 0, 0, 0]"
12.5827157497,,74,,1636657994,40303945,"""None""",[0.0],"[0, 0, 0, 0]"
12.682892561,,75,,1636657994,40303945,"""None""",[0.0],"[0, 0, 0, 0]"
12.7832472324,,76,,1636657994,40303945,"""None""",[0.0],"[0, 0, 0, 0]"
12.8833377361,,77,,1636657994,40303945,"""None""",[0.0],"[0, 0, 0, 0]"
12.983451128,,78,,1636657994,40303945,"""None""",[0.0],"[0, 0, 0, 0]"
13.0830476284,,79,,1636657994,40303945,"""None""",[0.0],"[0, 0, 0, 0]"
13.1831583977,,80,,1636657994,40303945,"""None""",[0.0],"[0, 0, 0, 0]"
13.2827425003,,81,,1636657994,40303945,"""None""",[0.0],"[0, 0, 0, 0]"
13.383027792,,82,,1636657994,40303945,"""None""",[0.0],"[0, 0, 0, 0]"
13.4825885296,,83,,1636657994,40303945,"""None""",[0.0],"[0, 0, 0, 0]"
13.5829091072,,84,,1636657994,40303945,"""None""",[0.0],"[0, 0, 0, 0]"
13.6829154491,,85,,1636657994,40303945,"""None""",[0.0],"[0, 0, 0, 0]"
13.783164978,,86,,1636657994,40303945,"""None""",[0.0],"[0, 0, 0, 0]"
13.8830049038,,87,,1636657994,40303945,"""None""",[0.0],"[0, 0, 0, 0]"
13.9831869602,,88,,1636657994,40303945,"""None""",[0.0],"[0, 0, 0, 0]"
14.0833387375,,89,,1636657994,40303945,"""None""",[0.0],"[0, 0, 0, 0]"
14.1832926273,,90,,1636657994,40303945,"""None""",[0.0],"[0, 0, 0, 0]"
14.282761097,,91,,1636657994,40303945,"""None""",[0.0],"[0, 0, 0, 0]"
14.3825395107,,92,,1636657994,40303945,"""None""",[0.0],"[0, 0, 0, 0]"
14.4827101231,,93,,1636657994,40303945,"""None""",[0.0],"[0, 0, 0, 0]"
14.5835773945,,94,,1636657994,40303945,"""None""",[0.0],"[0, 0, 0, 0]"
14.6827504635,,95,,1636657994,40303945,"""None""",[0.0],"[0, 0, 0, 0]"
14.7833411694,,96,,1636657994,40303945,"""None""",[0.0],"[0, 0, 0, 0]"
14.882815361,,97,,1636657994,40303945,"""None""",[0.0],"[0, 0, 0, 0]"
14.9829933643,,98,,1636657994,40303945,"""None""",[0.0],"[0, 0, 0, 0]"
15.0835027695,,99,,1636657994,40303945,"""None""",[0.0],"[0, 0, 0, 0]"
15.1834878922,,100,,1636657994,40303945,"""None""",[0.0],"[0, 0, 0, 0]"
15.2831802368,,101,,1636657994,40303945,"""None""",[0.0],"[0, 0, 0, 0]"
15.3827810287,,102,,1636657994,40303945,"""None""",[0.0],"[0, 0, 0, 0]"
15.4825992584,,103,,1636657994,40303945,"""None""",[0.0],"[0, 0, 0, 0]"
15.5829143524,,104,,1636657994,40303945,"""Soft Puff""",[0.0],"[0, 1, 0, 0]"
15.6833283901,,105,,1636657994,40303945,"""Soft Puff""",[0.0],"[0, 1, 0, 0]"
15.7832481861,,106,,1636657994,40303945,"""Soft Puff""",[0.0],"[0, 1, 0, 0]"
15.8833856583,,107,,1636657994,40303945,"""Soft Puff""",[0.0],"[0, 1, 0, 0]"
15.9829792976,,108,,1636657994,40303945,"""Soft Puff""",[0.0],"[0, 1, 0, 0]"
16.0827617645,,109,,1636657994,40303945,"""Soft Puff""",[0.0],"[0, 1, 0, 0]"
16.1832783222,,110,,1636657994,40303945,"""Soft Puff""",[0.0],"[0, 1, 0, 0]"
16.2833476067,,111,,1636657994,40303945,"""Soft Puff""",[0.0],"[0, 1, 0, 0]"
16.3833360672,,112,,1636657994,40303945,"""Soft Puff""",[0.0],"[0, 1, 0, 0]"
16.4825365543,,113,,1636657994,40303945,"""Soft Puff""",[0.0],"[0, 1, 0, 0]"
16.5826411247,,114,,1636657994,40303945,"""Soft Puff""",[0.0],"[0, 1, 0, 0]"
16.6826281548,,115,,1636657994,40303945,"""Soft Puff""",[0.0],"[0, 1, 0, 0]"
16.7831885815,,116,,1636657994,40303945,"""Soft Puff""",[0.0],"[0, 1, 0, 0]"
16.8832466602,,117,,1636657994,40303945,"""Soft Puff""",[0.0],"[0, 1, 0, 0]"
16.9830777645,,118,,1636657994,40303945,"""Soft Puff""",[0.0],"[0, 1, 0, 0]"
17.0832211971,,119,,1636657994,40303945,"""None""",[0.0],"[0, 0, 0, 0]"
17.1831216812,,120,,1636657994,40303945,"""None""",[0.0],"[0, 0, 0, 0]"
17.2826378345,,121,,1636657994,40303945,"""None""",[0.0],"[0, 0, 0, 0]"
17.382753849,,122,,1636657994,40303945,"""None""",[0.0],"[0, 0, 0, 0]"
17.4827148914,,123,,1636657994,40303945,"""None""",[0.0],"[0, 0, 0, 0]"
17.5829596519,,124,,1636657994,40303945,"""None""",[0.0],"[0, 0, 0, 0]"
17.6826565266,,125,,1636657994,40303945,"""None""",[0.0],"[0, 0, 0, 0]"
17.7825596333,,126,,1636657994,40303945,"""None""",[0.0],"[0, 0, 0, 0]"
17.8827104568,,127,,1636657994,40303945,"""None""",[0.0],"[0, 0, 0, 0]"
17.9836962223,,128,,1636657994,40303945,"""None""",[0.0],"[0, 0, 0, 0]"
18.0830967426,,129,,1636657994,40303945,"""None""",[0.0],"[0, 0, 0, 0]"
18.1833453178,,130,,1636657994,40303945,"""None""",[0.0],"[0, 0, 0, 0]"
18.2826490402,,131,,1636657994,40303945,"""None""",[0.0],"[0, 0, 0, 0]"
18.3827331066,,132,,1636657994,40303945,"""None""",[0.0],"[0, 0, 0, 0]"
18.4827606678,,133,,1636657994,40303945,"""None""",[0.0],"[0, 0, 0, 0]"
18.5832383633,,134,,1636657994,40303945,"""None""",[0.0],"[0, 0, 0, 0]"
18.6829040051,,135,,1636657994,40303945,"""None""",[0.0],"[0, 0, 0, 0]"
18.783172369,,136,,1636657994,40303945,"""None""",[0.0],"[0, 0, 0, 0]"
18.8832769394,,137,,1636657994,40303945,"""None""",[0.0],"[0, 0, 0, 0]"
18.9831528664,,138,,1636657994,40303945,"""None""",[0.0],"[0, 0, 0, 0]"
19.0831720829,,139,,1636657994,40303945,"""None""",[0.0],"[0, 0, 0, 0]"
19.1831526756,,140,,1636657994,40303945,"""None""",[0.0],"[0, 0, 0, 0]"
19.2826738358,,141,,1636657994,40303945,"""None""",[0.0],"[0, 0, 0, 0]"
19.382588625,,142,,1636657994,40303945,"""None""",[0.0],"[0, 0, 0, 0]"
19.4826638699,,143,,1636657994,40303945,"""None""",[0.0],"[0, 0, 0, 0]"
19.5828573704,,144,,1636657994,40303945,"""None""",[0.0],"[0, 0, 0, 0]"
19.6833107471,,145,,1636657994,40303945,"""None""",[0.0],"[0, 0, 0, 0]"
19.7833607197,,146,,1636657994,40303945,"""None""",[0.0],"[0, 0, 0, 0]"
19.8829894066,,147,,1636657994,40303945,"""None""",[0.0],"[0, 0, 0, 0]"
19.9828338623,,148,,1636657994,40303945,"""None""",[0.0],"[0, 0, 0, 0]"
20.0830881596,,149,,1636657994,40303945,"""None""",[0.0],"[0, 0, 0, 0]"
20.1832807064,,150,,1636657994,40303945,"""None""",[0.0],"[0, 0, 0, 0]"
20.2832672596,,151,,1636657994,40303945,"""Soft Puff""",[0.0],"[0, 1, 0, 0]"
20.3834648132,,152,,1636657994,40303945,"""Hard Puff""",[0.0],"[1, 1, 0, 0]"
20.4827163219,,153,,1636657994,40303945,"""Hard Puff""",[0.0],"[1, 0, 0, 0]"
20.5827815533,,154,,1636657994,40303945,"""Hard Puff""",[0.0],"[1, 0, 0, 0]"
20.6825771332,,155,,1636657994,40303945,"""Hard Puff""",[0.0],"[1, 0, 0, 0]"
20.7829940319,,156,,1636657994,40303945,"""Hard Puff""",[0.0],"[1, 0, 0, 0]"
20.8832373619,,157,,1636657994,40303945,"""Hard Puff""",[0.0],"[1, 0, 0, 0]"
20.9833767414,,158,,1636657994,40303945,"""Hard Puff""",[0.0],"[1, 0, 0, 0]"
21.0826199055,,159,,1636657994,40303945,"""Hard Puff""",[0.0],"[1, 0, 0, 0]"
21.1828546524,,160,,1636657994,40303945,"""Hard Puff""",[0.0],"[1, 0, 0, 0]"
21.2829041481,,161,,1636657994,40303945,"""Hard Puff""",[0.0],"[1, 0, 0, 0]"
21.3826339245,,162,,1636657994,40303945,"""Hard Puff""",[0.0],"[1, 0, 0, 0]"
21.4828460217,,163,,1636657994,40303945,"""Hard Puff""",[0.0],"[1, 0, 0, 0]"
21.5829308033,,164,,1636657994,40303945,"""Soft-Hard Puff Deadband""",[0.0],"[0, 0, 0, 0]"
21.6825811863,,165,,1636657994,40303945,"""None""",[0.0],"[0, 0, 0, 0]"
21.7835249901,,166,,1636657994,40303945,"""None""",[0.0],"[0, 0, 0, 0]"
21.8831293583,,167,,1636657994,40303945,"""None""",[0.0],"[0, 0, 0, 0]"
21.9831812382,,168,,1636657994,40303945,"""None""",[0.0],"[0, 0, 0, 0]"
22.0832948685,,169,,1636657994,40303945,"""None""",[0.0],"[0, 0, 0, 0]"
22.1831159592,,170,,1636657994,40303945,"""None""",[0.0],"[0, 0, 0, 0]"
22.2828338146,,171,,1636657994,40303945,"""None""",[0.0],"[0, 0, 0, 0]"
22.383045435,,172,,1636657994,40303945,"""None""",[0.0],"[0, 0, 0, 0]"
22.483073473,,173,,1636657994,40303945,"""None""",[0.0],"[0, 0, 0, 0]"
22.5832474232,,174,,1636657994,40303945,"""None""",[0.0],"[0, 0, 0, 0]"
22.6827290058,,175,,1636657994,40303945,"""None""",[0.0],"[0, 0, 0, 0]"
22.7833034992,,176,,1636657994,40303945,"""None""",[0.0],"[0, 0, 0, 0]"
22.8830530643,,177,,1636657994,40303945,"""None""",[0.0],"[0, 0, 0, 0]"
22.9829092026,,178,,1636657994,40303945,"""None""",[0.0],"[0, 0, 0, 0]"
23.0830125809,,179,,1636657994,40303945,"""None""",[0.0],"[0, 0, 0, 0]"
23.1835472584,,180,,1636657994,40303945,"""None""",[0.0],"[0, 0, 0, 0]"
23.2825789452,,181,,1636657994,40303945,"""None""",[0.0],"[0, 0, 0, 0]"
23.3831112385,,182,,1636657994,40303945,"""None""",[0.0],"[0, 0, 0, 0]"
23.4825494289,,183,,1636657994,40303945,"""None""",[0.0],"[0, 0, 0, 0]"
23.5827820301,,184,,1636657994,40303945,"""None""",[0.0],"[0, 0, 0, 0]"
23.6829566956,,185,,1636657994,40303945,"""None""",[0.0],"[0, 0, 0, 0]"
23.7829196453,,186,,1636657994,40303945,"""None""",[0.0],"[0, 0, 0, 0]"
23.8833737373,,187,,1636657994,40303945,"""None""",[0.0],"[0, 0, 0, 0]"
23.9837026596,,188,,1636657994,40303945,"""None""",[0.0],"[0, 0, 0, 0]"
24.0828692913,,189,,1636657994,40303945,"""None""",[0.0],"[0, 0, 0, 0]"
24.1833302975,,190,,1636657994,40303945,"""None""",[0.0],"[0, 0, 0, 0]"
24.2824556828,,191,,1636657994,40303945,"""None""",[0.0],"[0, 0, 0, 0]"
24.3825378418,,192,,1636657994,40303945,"""None""",[0.0],"[0, 0, 0, 0]"
24.4823100567,,193,,1636657994,40303945,"""None""",[0.0],"[0, 0, 0, 0]"
24.5824861526,,194,,1636657994,40303945,"""None""",[0.0],"[0, 0, 0, 0]"
24.6826832294,,195,,1636657994,40303945,"""None""",[0.0],"[0, 0, 0, 0]"
24.7826499939,,196,,1636657994,40303945,"""None""",[0.0],"[0, 0, 0, 0]"
24.8829920292,,197,,1636657994,40303945,"""None""",[0.0],"[0, 0, 0, 0]"
24.9838263988,,198,,1636657994,40303945,"""None""",[0.0],"[0, 0, 0, 0]"
25.0834167004,,199,,1636657994,40303945,"""None""",[0.0],"[0, 0, 0, 0]"
25.1833763123,,200,,1636657994,40303945,"""None""",[0.0],"[0, 0, 0, 0]"
25.2835552692,,201,,1636657994,40303945,"""None""",[0.0],"[0, 0, 0, 0]"
25.3829152584,,202,,1636657994,40303945,"""None""",[0.0],"[0, 0, 0, 0]"
25.4826512337,,203,,1636657994,40303945,"""None""",[0.0],"[0, 0, 0, 0]"
25.5831112862,,204,,1636657994,40303945,"""Hard Sip""",[0.0],"[0, 0, 0, 1]"
25.6832222939,,205,,1636657994,40303945,"""Hard Sip""",[0.0],"[0, 0, 0, 1]"
25.7832782269,,206,,1636657994,40303945,"""Hard Sip""",[0.0],"[0, 0, 0, 1]"
25.8833050728,,207,,1636657994,40303945,"""Hard Sip""",[0.0],"[0, 0, 0, 1]"
25.983294487,,208,,1636657994,40303945,"""Hard Sip""",[0.0],"[0, 0, 0, 1]"
26.0837042332,,209,,1636657994,40303945,"""Hard Sip""",[0.0],"[0, 0, 0, 1]"
26.1831920147,,210,,1636657994,40303945,"""Hard Sip""",[0.0],"[0, 0, 0, 1]"
26.2832386494,,211,,1636657994,40303945,"""Hard Sip""",[0.0],"[0, 0, 0, 1]"
26.3830525875,,212,,1636657994,40303945,"""Hard Sip""",[0.0],"[0, 0, 0, 1]"
26.4828035831,,213,,1636657994,40303945,"""Hard Sip""",[0.0],"[0, 0, 0, 1]"
26.5829691887,,214,,1636657994,40303945,"""Hard Sip""",[0.0],"[0, 0, 0, 1]"
26.683216095,,215,,1636657994,40303945,"""Hard Sip""",[0.0],"[0, 0, 0, 1]"
26.782977581,,216,,1636657994,40303945,"""Hard Sip""",[0.0],"[0, 0, 0, 1]"
26.8831326962,,217,,1636657994,40303945,"""Hard Sip""",[0.0],"[0, 0, 0, 1]"
26.983266592,,218,,1636657994,40303945,"""Hard Sip""",[0.0],"[0, 0, 0, 1]"
27.083209753,,219,,1636657994,40303945,"""None""",[0.0],"[0, 0, 0, 0]"
27.1833884716,,220,,1636657994,40303945,"""None""",[0.0],"[0, 0, 0, 0]"
27.2831382751,,221,,1636657994,40303945,"""None""",[0.0],"[0, 0, 0, 0]"
27.3831021786,,222,,1636657994,40303945,"""None""",[0.0],"[0, 0, 0, 0]"
27.4826648235,,223,,1636657994,40303945,"""None""",[0.0],"[0, 0, 0, 0]"
27.582770586,,224,,1636657994,40303945,"""None""",[0.0],"[0, 0, 0, 0]"
27.6830701828,,225,,1636657994,40303945,"""None""",[0.0],"[0, 0, 0, 0]"
27.7826538086,,226,,1636657994,40303945,"""None""",[0.0],"[0, 0, 0, 0]"
27.882972002,,227,,1636657994,40303945,"""None""",[0.0],"[0, 0, 0, 0]"
27.9832572937,,228,,1636657994,40303945,"""None""",[0.0],"[0, 0, 0, 0]"
28.0830702782,,229,,1636657994,40303945,"""None""",[0.0],"[0, 0, 0, 0]"
28.1829078197,,230,,1636657994,40303945,"""None""",[0.0],"[0, 0, 0, 0]"
28.2829575539,,231,,1636657994,40303945,"""None""",[0.0],"[0, 0, 0, 0]"
28.3829128742,,232,,1636657994,40303945,"""None""",[0.0],"[0, 0, 0, 0]"
28.482503891,,233,,1636657994,40303945,"""None""",[0.0],"[0, 0, 0, 0]"
28.5829856396,,234,,1636657994,40303945,"""None""",[0.0],"[0, 0, 0, 0]"
28.6830387115,,235,,1636657994,40303945,"""None""",[0.0],"[0, 0, 0, 0]"
28.7828707695,,236,,1636657994,40303945,"""None""",[0.0],"[0, 0, 0, 0]"
28.8834395409,,237,,1636657994,40303945,"""None""",[0.0],"[0, 0, 0, 0]"
28.9829671383,,238,,1636657994,40303945,"""None""",[0.0],"[0, 0, 0, 0]"
29.0830323696,,239,,1636657994,40303945,"""None""",[0.0],"[0, 0, 0, 0]"
29.1833360195,,240,,1636657994,40303945,"""None""",[0.0],"[0, 0, 0, 0]"
29.2829046249,,241,,1636657994,40303945,"""None""",[0.0],"[0, 0, 0, 0]"
29.3827526569,,242,,1636657994,40303945,"""None""",[0.0],"[0, 0, 0, 0]"
29.4826021194,,243,,1636657994,40303945,"""None""",[0.0],"[0, 0, 0, 0]"
29.582775116,,244,,1636657994,40303945,"""None""",[0.0],"[0, 0, 0, 0]"
29.6828808784,,245,,1636657994,40303945,"""None""",[0.0],"[0, 0, 0, 0]"
29.7829070091,,246,,1636657994,40303945,"""None""",[0.0],"[0, 0, 0, 0]"
29.8835470676,,247,,1636657994,40303945,"""None""",[0.0],"[0, 0, 0, 0]"
29.9833021164,,248,,1636657994,40303945,"""None""",[0.0],"[0, 0, 0, 0]"
30.083255291,,249,,1636657994,40303945,"""None""",[0.0],"[0, 0, 0, 0]"
30.1826477051,,250,,1636657994,40303945,"""None""",[0.0],"[0, 0, 0, 0]"
30.2831161022,,251,,1636657994,40303945,"""None""",[0.0],"[0, 0, 0, 0]"
30.3828377724,,252,,1636657994,40303945,"""Soft Puff""",[0.0],"[0, 1, 0, 0]"
30.4825778008,,253,,1636657994,40303945,"""Soft-Hard Puff Deadband""",[0.0],"[0, 0, 0, 0]"
30.5829162598,,254,,1636657994,40303945,"""Soft-Hard Puff Deadband""",[0.0],"[0, 0, 0, 0]"
30.6834039688,,255,,1636657994,40303945,"""Soft-Hard Puff Deadband""",[0.0],"[0, 0, 0, 0]"
30.7827794552,,256,,1636657994,40303945,"""Soft-Hard Puff Deadband""",[0.0],"[0, 0, 0, 0]"
30.8829071522,,257,,1636657994,40303945,"""Soft-Hard Puff Deadband""",[0.0],"[0, 0, 0, 0]"
30.9831645489,,258,,1636657994,40303945,"""Soft-Hard Puff Deadband""",[0.0],"[0, 0, 0, 0]"
31.08344841,,259,,1636657994,40303945,"""Soft-Hard Puff Deadband""",[0.0],"[0, 0, 0, 0]"
31.1833770275,,260,,1636657994,40303945,"""Soft-Hard Puff Deadband""",[0.0],"[0, 0, 0, 0]"
31.2834451199,,261,,1636657994,40303945,"""Hard Puff""",[0.0],"[1, 0, 0, 0]"
31.383128643,,262,,1636657994,40303945,"""Hard Puff""",[0.0],"[1, 0, 0, 0]"
31.4831581116,,263,,1636657994,40303945,"""Hard Puff""",[0.0],"[1, 0, 0, 0]"
31.5831465721,,264,,1636657994,40303945,"""Hard Puff""",[0.0],"[1, 0, 0, 0]"
31.6834738255,,265,,1636657994,40303945,"""Hard Puff""",[0.0],"[1, 0, 0, 0]"
31.7836220264,,266,,1636657994,40303945,"""Hard Puff""",[0.0],"[1, 0, 0, 0]"
31.883010149,,267,,1636657994,40303945,"""Hard Puff""",[0.0],"[1, 0, 0, 0]"
31.9831373692,,268,,1636657994,40303945,"""None""",[0.0],"[0, 0, 0, 0]"
32.083211422,,269,,1636657994,40303945,"""None""",[0.0],"[0, 0, 0, 0]"
32.1831693649,,270,,1636657994,40303945,"""None""",[0.0],"[0, 0, 0, 0]"
32.2832877636,,271,,1636657994,40303945,"""None""",[0.0],"[0, 0, 0, 0]"
32.3833229542,,272,,1636657994,40303945,"""None""",[0.0],"[0, 0, 0, 0]"
32.4826755524,,273,,1636657994,40303945,"""None""",[0.0],"[0, 0, 0, 0]"
32.5829679966,,274,,1636657994,40303945,"""None""",[0.0],"[0, 0, 0, 0]"
32.6831657887,,275,,1636657994,40303945,"""None""",[0.0],"[0, 0, 0, 0]"
32.7828052044,,276,,1636657994,40303945,"""None""",[0.0],"[0, 0, 0, 0]"
32.882871151,,277,,1636657994,40303945,"""None""",[0.0],"[0, 0, 0, 0]"
32.9832353592,,278,,1636657994,40303945,"""None""",[0.0],"[0, 0, 0, 0]"
33.0826568604,,279,,1636657994,40303945,"""None""",[0.0],"[0, 0, 0, 0]"
33.1829674244,,280,,1636657994,40303945,"""None""",[0.0],"[0, 0, 0, 0]"
33.283292532,,281,,1636657994,40303945,"""None""",[0.0],"[0, 0, 0, 0]"
33.3827424049,,282,,1636657994,40303945,"""None""",[0.0],"[0, 0, 0, 0]"
33.4826307297,,283,,1636657994,40303945,"""None""",[0.0],"[0, 0, 0, 0]"
33.5831007957,,284,,1636657994,40303945,"""None""",[0.0],"[0, 0, 0, 0]"
33.6834039688,,285,,1636657994,40303945,"""None""",[0.0],"[0, 0, 0, 0]"
33.7830479145,,286,,1636657994,40303945,"""None""",[0.0],"[0, 0, 0, 0]"
33.8831601143,,287,,1636657994,40303945,"""None""",[0.0],"[0, 0, 0, 0]"
33.9834098816,,288,,1636657994,40303945,"""None""",[0.0],"[0, 0, 0, 0]"
34.0833349228,,289,,1636657994,40303945,"""None""",[0.0],"[0, 0, 0, 0]"
34.1829535961,,290,,1636657994,40303945,"""None""",[0.0],"[0, 0, 0, 0]"
34.2831599712,,291,,1636657994,40303945,"""None""",[0.0],"[0, 0, 0, 0]"
34.3828468323,,292,,1636657994,40303945,"""None""",[0.0],"[0, 0, 0, 0]"
34.4824981689,,293,,1636657994,40303945,"""None""",[0.0],"[0, 0, 0, 0]"
34.5830438137,,294,,1636657994,40303945,"""None""",[0.0],"[0, 0, 0, 0]"
34.6836593151,,295,,1636657994,40303945,"""None""",[0.0],"[0, 0, 0, 0]"
34.7827444077,,296,,1636657994,40303945,"""None""",[0.0],"[0, 0, 0, 0]"
34.8832757473,,297,,1636657994,40303945,"""None""",[0.0],"[0, 0, 0, 0]"
34.9832043648,,298,,1636657994,40303945,"""None""",[0.0],"[0, 0, 0, 0]"
35.0830292702,,299,,1636657994,40303945,"""None""",[0.0],"[0, 0, 0, 0]"
35.1832594872,,300,,1636657994,40303945,"""None""",[0.0],"[0, 0, 0, 0]"
35.2830514908,,301,,1636657994,40303945,"""None""",[0.0],"[0, 0, 0, 0]"
35.383215189,,302,,1636657994,40303945,"""None""",[0.0],"[0, 0, 0, 0]"
35.4825377464,,303,,1636657994,40303945,"""None""",[0.0],"[0, 0, 0, 0]"
35.5825884342,,304,,1636657994,40303945,"""None""",[0.0],"[0, 0, 0, 0]"
35.6827845573,,305,,1636657994,40303945,"""None""",[0.0],"[0, 0, 0, 0]"
35.7830412388,,306,,1636657994,40303945,"""None""",[0.0],"[0, 0, 0, 0]"
35.8832790852,,307,,1636657994,40303945,"""Soft Puff""",[0.0],"[0, 1, 0, 0]"
35.9831328392,,308,,1636657994,40303945,"""Soft Puff""",[0.0],"[0, 1, 0, 0]"
36.0833187103,,309,,1636657994,40303945,"""Soft Puff""",[0.0],"[0, 1, 0, 0]"
36.182725668,,310,,1636657994,40303945,"""Soft Puff""",[0.0],"[0, 1, 0, 0]"
36.2830777168,,311,,1636657994,40303945,"""Soft Puff""",[0.0],"[0, 1, 0, 0]"
36.3835067749,,312,,1636657994,40303945,"""Soft Puff""",[0.0],"[0, 1, 0, 0]"
36.4827842712,,313,,1636657994,40303945,"""Soft Puff""",[0.0],"[0, 1, 0, 0]"
36.5831902027,,314,,1636657994,40303945,"""Soft Puff""",[0.0],"[0, 1, 0, 0]"
36.6831073761,,315,,1636657994,40303945,"""Soft Puff""",[0.0],"[0, 1, 0, 0]"
36.7826302052,,316,,1636657994,40303945,"""Soft Puff""",[0.0],"[0, 1, 0, 0]"
36.8828008175,,317,,1636657994,40303945,"""Soft Puff""",[0.0],"[0, 1, 0, 0]"
36.9832203388,,318,,1636657994,40303945,"""Soft Puff""",[0.0],"[0, 1, 0, 0]"
37.0831775665,,319,,1636657994,40303945,"""Soft Puff""",[0.0],"[0, 1, 0, 0]"
37.1836185455,,320,,1636657994,40303945,"""Soft Puff""",[0.0],"[0, 1, 0, 0]"
37.2835688591,,321,,1636657994,40303945,"""Soft Puff""",[0.0],"[0, 1, 0, 0]"
37.3827233315,,322,,1636657994,40303945,"""Soft Puff""",[0.0],"[0, 1, 0, 0]"
37.4826164246,,323,,1636657994,40303945,"""Soft Puff""",[0.0],"[0, 1, 0, 0]"
37.583135128,,324,,1636657994,40303945,"""None""",[0.0],"[0, 0, 0, 0]"
37.6838612556,,325,,1636657994,40303945,"""None""",[0.0],"[0, 0, 0, 0]"
37.7832477093,,326,,1636657994,40303945,"""None""",[0.0],"[0, 0, 0, 0]"
37.8834705353,,327,,1636657994,40303945,"""None""",[0.0],"[0, 0, 0, 0]"
37.9830055237,,328,,1636657994,40303945,"""None""",[0.0],"[0, 0, 0, 0]"
38.0831887722,,329,,1636657994,40303945,"""None""",[0.0],"[0, 0, 0, 0]"
38.1833181381,,330,,1636657994,40303945,"""None""",[0.0],"[0, 0, 0, 0]"
38.2830817699,,331,,1636657994,40303945,"""None""",[0.0],"[0, 0, 0, 0]"
38.3826775551,,332,,1636657994,40303945,"""None""",[0.0],"[0, 0, 0, 0]"
38.4829361439,,333,,1636657994,40303945,"""None""",[0.0],"[0, 0, 0, 0]"
38.582600832,,334,,1636657994,40303945,"""None""",[0.0],"[0, 0, 0, 0]"
38.6831502914,,335,,1636657994,40303945,"""None""",[0.0],"[0, 0, 0, 0]"
38.7830386162,,336,,1636657994,40303945,"""None""",[0.0],"[0, 0, 0, 0]"
38.8827044964,,337,,1636657994,40303945,"""None""",[0.0],"[0, 0, 0, 0]"
38.9830124378,,338,,1636657994,40303945,"""None""",[0.0],"[0, 0, 0, 0]"
39.083142519,,339,,1636657994,40303945,"""None""",[0.0],"[0, 0, 0, 0]"
39.1826627254,,340,,1636657994,40303945,"""None""",[0.0],"[0, 0, 0, 0]"
39.2829148769,,341,,1636657994,40303945,"""None""",[0.0],"[0, 0, 0, 0]"
39.3826305866,,342,,1636657994,40303945,"""None""",[0.0],"[0, 0, 0, 0]"
39.4827504158,,343,,1636657994,40303945,"""None""",[0.0],"[0, 0, 0, 0]"
39.583240509,,344,,1636657994,40303945,"""None""",[0.0],"[0, 0, 0, 0]"
39.6832356453,,345,,1636657994,40303945,"""None""",[0.0],"[0, 0, 0, 0]"
39.7828128338,,346,,1636657994,40303945,"""None""",[0.0],"[0, 0, 0, 0]"
39.882860899,,347,,1636657994,40303945,"""None""",[0.0],"[0, 0, 0, 0]"
39.9828248024,,348,,1636657994,40303945,"""None""",[0.0],"[0, 0, 0, 0]"
40.0832715034,,349,,1636657994,40303945,"""Soft Puff""",[0.0],"[0, 1, 0, 0]"
40.1831738949,,350,,1636657994,40303945,"""Soft-Hard Sip Deadband""",[0.0],"[0, 0, 0, 0]"
40.283207655,,351,,1636657994,40303945,"""Hard Sip""",[0.0],"[0, 0, 0, 1]"
40.3831062317,,352,,1636657994,40303945,"""Hard Sip""",[0.0],"[0, 0, 0, 1]"
40.4825460911,,353,,1636657994,40303945,"""Hard Sip""",[0.0],"[0, 0, 0, 1]"
40.5828642845,,354,,1636657994,40303945,"""Hard Sip""",[0.0],"[0, 0, 0, 1]"
40.6834366322,,355,,1636657994,40303945,"""Hard Sip""",[0.0],"[0, 0, 0, 1]"
40.7831704617,,356,,1636657994,40303945,"""Hard Sip""",[0.0],"[0, 0, 0, 1]"
40.8827681541,,357,,1636657994,40303945,"""Hard Sip""",[0.0],"[0, 0, 0, 1]"
40.9830780029,,358,,1636657994,40303945,"""Hard Sip""",[0.0],"[0, 0, 0, 1]"
41.0830533504,,359,,1636657994,40303945,"""Hard Sip""",[0.0],"[0, 0, 0, 1]"
41.1832952499,,360,,1636657994,40303945,"""Hard Sip""",[0.0],"[0, 0, 0, 1]"
41.2832324505,,361,,1636657994,40303945,"""Hard Sip""",[0.0],"[0, 0, 0, 1]"
41.3833246231,,362,,1636657994,40303945,"""Hard Sip""",[0.0],"[0, 0, 0, 1]"
41.4828085899,,363,,1636657994,40303945,"""Hard Sip""",[0.0],"[0, 0, 0, 1]"
41.5830745697,,364,,1636657994,40303945,"""Hard Sip""",[0.0],"[0, 0, 0, 1]"
41.683334589,,365,,1636657994,40303945,"""Hard Sip""",[0.0],"[0, 0, 0, 1]"
41.7831771374,,366,,1636657994,40303945,"""Hard Sip""",[0.0],"[0, 0, 0, 1]"
41.8834707737,,367,,1636657994,40303945,"""Hard Sip""",[0.0],"[0, 0, 0, 1]"
41.9832909107,,368,,1636657994,40303945,"""None""",[0.0],"[0, 0, 0, 0]"
42.0833404064,,369,,1636657994,40303945,"""None""",[0.0],"[0, 0, 0, 0]"
42.1828939915,,370,,1636657994,40303945,"""None""",[0.0],"[0, 0, 0, 0]"
42.283406496,,371,,1636657994,40303945,"""None""",[0.0],"[0, 0, 0, 0]"
42.3834626675,,372,,1636657994,40303945,"""None""",[0.0],"[0, 0, 0, 0]"
42.4826364517,,373,,1636657994,40303945,"""None""",[0.0],"[0, 0, 0, 0]"
42.5827670097,,374,,1636657994,40303945,"""None""",[0.0],"[0, 0, 0, 0]"
42.6832342148,,375,,1636657994,40303945,"""None""",[0.0],"[0, 0, 0, 0]"
42.7828962803,,376,,1636657994,40303945,"""None""",[0.0],"[0, 0, 0, 0]"
42.8828098774,,377,,1636657994,40303945,"""None""",[0.0],"[0, 0, 0, 0]"
42.9830818176,,378,,1636657994,40303945,"""None""",[0.0],"[0, 0, 0, 0]"
43.0834777355,,379,,1636657994,40303945,"""None""",[0.0],"[0, 0, 0, 0]"
43.1832118034,,380,,1636657994,40303945,"""None""",[0.0],"[0, 0, 0, 0]"
43.2834608555,,381,,1636657994,40303945,"""None""",[0.0],"[0, 0, 0, 0]"
43.3828892708,,382,,1636657994,40303945,"""None""",[0.0],"[0, 0, 0, 0]"
43.4826309681,,383,,1636657994,40303945,"""None""",[0.0],"[0, 0, 0, 0]"
43.5830290318,,384,,1636657994,40303945,"""None""",[0.0],"[0, 0, 0, 0]"
43.6833114624,,385,,1636657994,40303945,"""None""",[0.0],"[0, 0, 0, 0]"
43.7835502625,,386,,1636657994,40303945,"""None""",[0.0],"[0, 0, 0, 0]"
43.8834092617,,387,,1636657994,40303945,"""None""",[0.0],"[0, 0, 0, 0]"
43.9829182625,,388,,1636657994,40303945,"""None""",[0.0],"[0, 0, 0, 0]"
44.0832085609,,389,,1636657994,40303945,"""None""",[0.0],"[0, 0, 0, 0]"
44.1830995083,,390,,1636657994,40303945,"""None""",[0.0],"[0, 0, 0, 0]"
44.2831346989,,391,,1636657994,40303945,"""None""",[0.0],"[0, 0, 0, 0]"
44.3827731609,,392,,1636657994,40303945,"""None""",[0.0],"[0, 0, 0, 0]"
44.4826030731,,393,,1636657994,40303945,"""None""",[0.0],"[0, 0, 0, 0]"
44.582665205,,394,,1636657994,40303945,"""None""",[0.0],"[0, 0, 0, 0]"
44.6832051277,,395,,1636657994,40303945,"""None""",[0.0],"[0, 0, 0, 0]"
44.7833032608,,396,,1636657994,40303945,"""None""",[0.0],"[0, 0, 0, 0]"
44.8829052448,,397,,1636657994,40303945,"""None""",[0.0],"[0, 0, 0, 0]"
44.9830772877,,398,,1636657994,40303945,"""None""",[0.0],"[0, 0, 0, 0]"
45.0833911896,,399,,1636657994,40303945,"""None""",[0.0],"[0, 0, 0, 0]"
45.1828587055,,400,,1636657994,40303945,"""None""",[0.0],"[0, 0, 0, 0]"
45.2831468582,,401,,1636657994,40303945,"""None""",[0.0],"[0, 0, 0, 0]"
45.3831367493,,402,,1636657994,40303945,"""Soft Puff""",[0.0],"[0, 1, 0, 0]"
45.4831783772,,403,,1636657994,40303945,"""Soft-Hard Puff Deadband""",[0.0],"[0, 0, 0, 0]"
45.5829331875,,404,,1636657994,40303945,"""Soft-Hard Puff Deadband""",[0.0],"[0, 0, 0, 0]"
45.6831624508,,405,,1636657994,40303945,"""Soft-Hard Puff Deadband""",[0.0],"[0, 0, 0, 0]"
45.783343792,,406,,1636657994,40303945,"""Soft-Hard Puff Deadband""",[0.0],"[0, 0, 0, 0]"
45.8833811283,,407,,1636657994,40303945,"""Soft-Hard Puff Deadband""",[0.0],"[0, 0, 0, 0]"
45.9834227562,,408,,1636657994,40303945,"""Hard Puff""",[0.0],"[1, 0, 0, 0]"
46.0833222866,,409,,1636657994,40303945,"""Hard Puff""",[0.0],"[1, 0, 0, 0]"
46.1835875511,,410,,1636657994,40303945,"""Hard Puff""",[0.0],"[1, 0, 0, 0]"
46.2833251953,,411,,1636657994,40303945,"""Hard Puff""",[0.0],"[1, 0, 0, 0]"
46.3836386204,,412,,1636657994,40303945,"""Hard Puff""",[0.0],"[1, 0, 0, 0]"
46.4827616215,,413,,1636657994,40303945,"""Hard Puff""",[0.0],"[1, 0, 0, 0]"
46.5830173492,,414,,1636657994,40303945,"""Hard Puff""",[0.0],"[1, 0, 0, 0]"
46.6830186844,,415,,1636657994,40303945,"""Hard Puff""",[0.0],"[1, 0, 0, 0]"
46.7831292152,,416,,1636657994,40303945,"""None""",[0.0],"[0, 0, 0, 0]"
46.8827474117,,417,,1636657994,40303945,"""None""",[0.0],"[0, 0, 0, 0]"
46.9831171036,,418,,1636657994,40303945,"""None""",[0.0],"[0, 0, 0, 0]"
47.0830616951,,419,,1636657994,40303945,"""None""",[0.0],"[0, 0, 0, 0]"
47.1833810806,,420,,1636657994,40303945,"""None""",[0.0],"[0, 0, 0, 0]"
47.2836158276,,421,,1636657994,40303945,"""None""",[0.0],"[0, 0, 0, 0]"
47.3832626343,,422,,1636657994,40303945,"""None""",[0.0],"[0, 0, 0, 0]"
47.4832029343,,423,,1636657994,40303945,"""None""",[0.0],"[0, 0, 0, 0]"
47.5833797455,,424,,1636657994,40303945,"""None""",[0.0],"[0, 0, 0, 0]"
47.6832566261,,425,,1636657994,40303945,"""None""",[0.0],"[0, 0, 0, 0]"
47.7831552029,,426,,1636657994,40303945,"""None""",[0.0],"[0, 0, 0, 0]"
47.8831729889,,427,,1636657994,40303945,"""None""",[0.0],"[0, 0, 0, 0]"
47.9833550453,,428,,1636657994,40303945,"""None""",[0.0],"[0, 0, 0, 0]"
48.0833315849,,429,,1636657994,40303945,"""None""",[0.0],"[0, 0, 0, 0]"
48.1832146645,,430,,1636657994,40303945,"""None""",[0.0],"[0, 0, 0, 0]"
48.2831749916,,431,,1636657994,40303945,"""None""",[0.0],"[0, 0, 0, 0]"
48.3827664852,,432,,1636657994,40303945,"""None""",[0.0],"[0, 0, 0, 0]"
48.4828801155,,433,,1636657994,40303945,"""None""",[0.0],"[0, 0, 0, 0]"
48.5833644867,,434,,1636657994,40303945,"""None""",[0.0],"[0, 0, 0, 0]"
48.6829955578,,435,,1636657994,40303945,"""None""",[0.0],"[0, 0, 0, 0]"
48.7834153175,,436,,1636657994,40303945,"""None""",[0.0],"[0, 0, 0, 0]"
48.8826065063,,437,,1636657994,40303945,"""None""",[0.0],"[0, 0, 0, 0]"
48.9829926491,,438,,1636657994,40303945,"""None""",[0.0],"[0, 0, 0, 0]"
49.0829846859,,439,,1636657994,40303945,"""None""",[0.0],"[0, 0, 0, 0]"
49.1832995415,,440,,1636657994,40303945,"""None""",[0.0],"[0, 0, 0, 0]"
49.2831864357,,441,,1636657994,40303945,"""None""",[0.0],"[0, 0, 0, 0]"
49.3826911449,,442,,1636657994,40303945,"""None""",[0.0],"[0, 0, 0, 0]"
49.4829432964,,443,,1636657994,40303945,"""None""",[0.0],"[0, 0, 0, 0]"
49.5832479,,444,,1636657994,40303945,"""None""",[0.0],"[0, 0, 0, 0]"
49.6833260059,,445,,1636657994,40303945,"""None""",[0.0],"[0, 0, 0, 0]"
49.7831597328,,446,,1636657994,40303945,"""None""",[0.0],"[0, 0, 0, 0]"
49.8832814693,,447,,1636657994,40303945,"""None""",[0.0],"[0, 0, 0, 0]"
49.9828016758,,448,,1636657994,40303945,"""None""",[0.0],"[0, 0, 0, 0]"
50.082757473,,449,,1636657994,40303945,"""None""",[0.0],"[0, 0, 0, 0]"
50.1830835342,,450,,1636657994,40303945,"""None""",[0.0],"[0, 0, 0, 0]"
50.2829444408,,451,,1636657994,40303945,"""None""",[0.0],"[0, 0, 0, 0]"
50.3832204342,,452,,1636657994,40303945,"""None""",[0.0],"[0, 0, 0, 0]"
50.4832968712,,453,,1636657994,40303945,"""None""",[0.0],"[0, 0, 0, 0]"
50.5827386379,,454,,1636657994,40303945,"""None""",[0.0],"[0, 0, 0, 0]"
50.6833407879,,455,,1636657994,40303945,"""None""",[0.0],"[0, 0, 0, 0]"
50.7833409309,,456,,1636657994,40303945,"""None""",[0.0],"[0, 0, 0, 0]"
50.8834929466,,457,,1636657994,40303945,"""None""",[0.0],"[0, 0, 0, 0]"
50.9831798077,,458,,1636657994,40303945,"""None""",[0.0],"[0, 0, 0, 0]"
51.0832006931,,459,,1636657994,40303945,"""None""",[0.0],"[0, 0, 0, 0]"
51.1826529503,,460,,1636657994,40303945,"""None""",[0.0],"[0, 0, 0, 0]"
51.2828185558,,461,,1636657994,40303945,"""None""",[0.0],"[0, 0, 0, 0]"
51.3838305473,,462,,1636657994,40303945,"""None""",[0.0],"[0, 0, 0, 0]"
51.4829585552,,463,,1636657994,40303945,"""Soft Puff""",[0.0],"[0, 1, 0, 0]"
51.5831689835,,464,,1636657994,40303945,"""Soft Puff""",[0.0],"[0, 1, 0, 0]"
51.6832785606,,465,,1636657994,40303945,"""Soft Puff""",[0.0],"[0, 1, 0, 0]"
51.7826402187,,466,,1636657994,40303945,"""Soft Puff""",[0.0],"[0, 1, 0, 0]"
51.8828878403,,467,,1636657994,40303945,"""Soft Puff""",[0.0],"[0, 1, 0, 0]"
51.9832575321,,468,,1636657994,40303945,"""Soft Puff""",[0.0],"[0, 1, 0, 0]"
52.0833191872,,469,,1636657994,40303945,"""Soft Puff""",[0.0],"[0, 1, 0, 0]"
52.1831762791,,470,,1636657994,40303945,"""Soft Puff""",[0.0],"[0, 1, 0, 0]"
52.2836308479,,471,,1636657994,40303945,"""Soft Puff""",[0.0],"[0, 1, 0, 0]"
52.3824703693,,472,,1636657994,40303945,"""Soft Puff""",[0.0],"[0, 1, 0, 0]"
52.4828050137,,473,,1636657994,40303945,"""Soft Puff""",[0.0],"[0, 1, 0, 0]"
52.5835344791,,474,,1636657994,40303945,"""None""",[0.0],"[0, 0, 0, 0]"
52.6831617355,,475,,1636657994,40303945,"""None""",[0.0],"[0, 0, 0, 0]"
52.7833015919,,476,,1636657994,40303945,"""None""",[0.0],"[0, 0, 0, 0]"
52.883313179,,477,,1636657994,40303945,"""None""",[0.0],"[0, 0, 0, 0]"
52.982601881,,478,,1636657994,40303945,"""None""",[0.0],"[0, 0, 0, 0]"
53.0830540657,,479,,1636657994,40303945,"""None""",[0.0],"[0, 0, 0, 0]"
53.1834614277,,480,,1636657994,40303945,"""None""",[0.0],"[0, 0, 0, 0]"
53.283169508,,481,,1636657994,40303945,"""None""",[0.0],"[0, 0, 0, 0]"
53.3827052116,,482,,1636657994,40303945,"""None""",[0.0],"[0, 0, 0, 0]"
53.4829745293,,483,,1636657994,40303945,"""None""",[0.0],"[0, 0, 0, 0]"
53.582652092,,484,,1636657994,40303945,"""None""",[0.0],"[0, 0, 0, 0]"
53.6831815243,,485,,1636657994,40303945,"""None""",[0.0],"[0, 0, 0, 0]"
53.7833144665,,486,,1636657994,40303945,"""None""",[0.0],"[0, 0, 0, 0]"
53.8832564354,,487,,1636657994,40303945,"""None""",[0.0],"[0, 0, 0, 0]"
53.9832158089,,488,,1636657994,40303945,"""None""",[0.0],"[0, 0, 0, 0]"
54.08400774,,489,,1636657994,40303945,"""None""",[0.0],"[0, 0, 0, 0]"
54.182682991,,490,,1636657994,40303945,"""None""",[0.0],"[0, 0, 0, 0]"
54.2830560207,,491,,1636657994,40303945,"""None""",[0.0],"[0, 0, 0, 0]"
54.3825552464,,492,,1636657994,40303945,"""None""",[0.0],"[0, 0, 0, 0]"
54.4829070568,,493,,1636657994,40303945,"""None""",[0.0],"[0, 0, 0, 0]"
54.583147049,,494,,1636657994,40303945,"""None""",[0.0],"[0, 0, 0, 0]"
54.6832046509,,495,,1636657994,40303945,"""None""",[0.0],"[0, 0, 0, 0]"
54.7826571465,,496,,1636657994,40303945,"""None""",[0.0],"[0, 0, 0, 0]"
54.8827831745,,497,,1636657994,40303945,"""None""",[0.0],"[0, 0, 0, 0]"
54.9829518795,,498,,1636657994,40303945,"""None""",[0.0],"[0, 0, 0, 0]"
55.0829994678,,499,,1636657994,40303945,"""None""",[0.0],"[0, 0, 0, 0]"
55.1831645966,,500,,1636657994,40303945,"""None""",[0.0],"[0, 0, 0, 0]"
55.2830891609,,501,,1636657994,40303945,"""None""",[0.0],"[0, 0, 0, 0]"
55.3826048374,,502,,1636657994,40303945,"""None""",[0.0],"[0, 0, 0, 0]"
55.4827604294,,503,,1636657994,40303945,"""None""",[0.0],"[0, 0, 0, 0]"
55.5832312107,,504,,1636657994,40303945,"""Hard Sip""",[0.0],"[0, 0, 0, 1]"
55.683211565,,505,,1636657994,40303945,"""Hard Sip""",[0.0],"[0, 0, 0, 1]"
55.7835998535,,506,,1636657994,40303945,"""Hard Sip""",[0.0],"[0, 0, 0, 1]"
55.8839011192,,507,,1636657994,40303945,"""Hard Sip""",[0.0],"[0, 0, 0, 1]"
55.9829721451,,508,,1636657994,40303945,"""Hard Sip""",[0.0],"[0, 0, 0, 1]"
56.0828609467,,509,,1636657994,40303945,"""Hard Sip""",[0.0],"[0, 0, 0, 1]"
56.1829447746,,510,,1636657994,40303945,"""Hard Sip""",[0.0],"[0, 0, 0, 1]"
56.2831001282,,511,,1636657994,40303945,"""Hard Sip""",[0.0],"[0, 0, 0, 1]"
56.3836474419,,512,,1636657994,40303945,"""Hard Sip""",[0.0],"[0, 0, 0, 1]"
56.4832386971,,513,,1636657994,40303945,"""Hard Sip""",[0.0],"[0, 0, 0, 1]"
56.5827054977,,514,,1636657994,40303945,"""Hard Sip""",[0.0],"[0, 0, 0, 1]"
56.6829738617,,515,,1636657994,40303945,"""Hard Sip""",[0.0],"[0, 0, 0, 1]"
56.783468008,,516,,1636657994,40303945,"""Hard Sip""",[0.0],"[0, 0, 0, 1]"
56.8834092617,,517,,1636657994,40303945,"""Hard Sip""",[0.0],"[0, 0, 0, 1]"
56.9828243256,,518,,1636657994,40303945,"""Hard Sip""",[0.0],"[0, 0, 0, 1]"
57.0828492641,,519,,1636657994,40303945,"""None""",[0.0],"[0, 0, 0, 0]"
57.1829972267,,520,,1636657994,40303945,"""None""",[0.0],"[0, 0, 0, 0]"
57.2829248905,,521,,1636657994,40303945,"""None""",[0.0],"[0, 0, 0, 0]"
57.3831596375,,522,,1636657994,40303945,"""None""",[0.0],"[0, 0, 0, 0]"
57.4831609726,,523,,1636657994,40303945,"""None""",[0.0],"[0, 0, 0, 0]"
57.5828168392,,524,,1636657994,40303945,"""None""",[0.0],"[0, 0, 0, 0]"
57.6838343143,,525,,1636657994,40303945,"""None""",[0.0],"[0, 0, 0, 0]"
57.7832350731,,526,,1636657994,40303945,"""None""",[0.0],"[0, 0, 0, 0]"
57.8829886913,,527,,1636657994,40303945,"""None""",[0.0],"[0, 0, 0, 0]"
57.9831161499,,528,,1636657994,40303945,"""None""",[0.0],"[0, 0, 0, 0]"
58.0831665993,,529,,1636657994,40303945,"""None""",[0.0],"[0, 0, 0, 0]"
58.1833183765,,530,,1636657994,40303945,"""None""",[0.0],"[0, 0, 0, 0]"
58.2831320763,,531,,1636657994,40303945,"""None""",[0.0],"[0, 0, 0, 0]"
58.38291502,,532,,1636657994,40303945,"""None""",[0.0],"[0, 0, 0, 0]"
58.4827051163,,533,,1636657994,40303945,"""None""",[0.0],"[0, 0, 0, 0]"
58.5830042362,,534,,1636657994,40303945,"""None""",[0.0],"[0, 0, 0, 0]"
58.6834733486,,535,,1636657994,40303945,"""None""",[0.0],"[0, 0, 0, 0]"
58.7836639881,,536,,1636657994,40303945,"""None""",[0.0],"[0, 0, 0, 0]"
58.8832833767,,537,,1636657994,40303945,"""None""",[0.0],"[0, 0, 0, 0]"
58.982742548,,538,,1636657994,40303945,"""None""",[0.0],"[0, 0, 0, 0]"
59.0827157497,,539,,1636657994,40303945,"""None""",[0.0],"[0, 0, 0, 0]"
59.1832146645,,540,,1636657994,40303945,"""None""",[0.0],"[0, 0, 0, 0]"
59.2835812569,,541,,1636657994,40303945,"""None""",[0.0],"[0, 0, 0, 0]"
59.3831105232,,542,,1636657994,40303945,"""None""",[0.0],"[0, 0, 0, 0]"
59.4826598167,,543,,1636657994,40303945,"""None""",[0.0],"[0, 0, 0, 0]"
59.5830039978,,544,,1636657994,40303945,"""None""",[0.0],"[0, 0, 0, 0]"
59.6829884052,,545,,1636657994,40303945,"""None""",[0.0],"[0, 0, 0, 0]"
59.7831392288,,546,,1636657994,40303945,"""None""",[0.0],"[0, 0, 0, 0]"
59.8833491802,,547,,1636657994,40303945,"""None""",[0.0],"[0, 0, 0, 0]"
59.9833583832,,548,,1636657994,40303945,"""None""",[0.0],"[0, 0, 0, 0]"
60.0833203793,,549,,1636657994,40303945,"""None""",[0.0],"[0, 0, 0, 0]"
60.1832141876,,550,,1636657994,40303945,"""None""",[0.0],"[0, 0, 0, 0]"
60.2828953266,,551,,1636657994,40303945,"""None""",[0.0],"[0, 0, 0, 0]"
60.3829686642,,552,,1636657994,40303945,"""None""",[0.0],"[0, 0, 0, 0]"
60.4831297398,,553,,1636657994,40303945,"""None""",[0.0],"[0, 0, 0, 0]"
60.5832607746,,554,,1636657994,40303945,"""Hard Sip""",[0.0],"[0, 0, 0, 1]"
60.6833660603,,555,,1636657994,40303945,"""Hard Sip""",[0.0],"[0, 0, 0, 1]"
60.7832138538,,556,,1636657994,40303945,"""Hard Sip""",[0.0],"[0, 0, 0, 1]"
60.8833498955,,557,,1636657994,40303945,"""Hard Sip""",[0.0],"[0, 0, 0, 1]"
60.9826436043,,558,,1636657994,40303945,"""Hard Sip""",[0.0],"[0, 0, 0, 1]"
61.0827147961,,559,,1636657994,40303945,"""Hard Sip""",[0.0],"[0, 0, 0, 1]"
61.183218956,,560,,1636657994,40303945,"""Hard Sip""",[0.0],"[0, 0, 0, 1]"
61.2834663391,,561,,1636657994,40303945,"""Hard Sip""",[0.0],"[0, 0, 0, 1]"
61.3836276531,,562,,1636657994,40303945,"""Hard Sip""",[0.0],"[0, 0, 0, 1]"
61.4829514027,,563,,1636657994,40303945,"""Hard Sip""",[0.0],"[0, 0, 0, 1]"
61.5831050873,,564,,1636657994,40303945,"""Hard Sip""",[0.0],"[0, 0, 0, 1]"
61.6834776402,,565,,1636657994,40303945,"""Hard Sip""",[0.0],"[0, 0, 0, 1]"
61.783197403,,566,,1636657994,40303945,"""Hard Sip""",[0.0],"[0, 0, 0, 1]"
61.8835318089,,567,,1636657994,40303945,"""None""",[0.0],"[0, 0, 0, 0]"
61.983676672,,568,,1636657994,40303945,"""None""",[0.0],"[0, 0, 0, 0]"
62.0832247734,,569,,1636657994,40303945,"""None""",[0.0],"[0, 0, 0, 0]"
62.1831455231,,570,,1636657994,40303945,"""None""",[0.0],"[0, 0, 0, 0]"
62.2830195427,,571,,1636657994,40303945,"""None""",[0.0],"[0, 0, 0, 0]"
62.3835425377,,572,,1636657994,40303945,"""None""",[0.0],"[0, 0, 0, 0]"
62.4834156036,,573,,1636657994,40303945,"""None""",[0.0],"[0, 0, 0, 0]"
62.5831356049,,574,,1636657994,40303945,"""None""",[0.0],"[0, 0, 0, 0]"
62.6835074425,,575,,1636657994,40303945,"""None""",[0.0],"[0, 0, 0, 0]"
62.7833459377,,576,,1636657994,40303945,"""None""",[0.0],"[0, 0, 0, 0]"
62.8832454681,,577,,1636657994,40303945,"""None""",[0.0],"[0, 0, 0, 0]"
62.9827935696,,578,,1636657994,40303945,"""None""",[0.0],"[0, 0, 0, 0]"
63.0831539631,,579,,1636657994,40303945,"""None""",[0.0],"[0, 0, 0, 0]"
63.183283329,,580,,1636657994,40303945,"""None""",[0.0],"[0, 0, 0, 0]"
63.2832677364,,581,,1636657994,40303945,"""None""",[0.0],"[0, 0, 0, 0]"
63.3833324909,,582,,1636657994,40303945,"""None""",[0.0],"[0, 0, 0, 0]"
63.4829742908,,583,,1636657994,40303945,"""None""",[0.0],"[0, 0, 0, 0]"
63.5832288265,,584,,1636657994,40303945,"""None""",[0.0],"[0, 0, 0, 0]"
63.683214426,,585,,1636657994,40303945,"""None""",[0.0],"[0, 0, 0, 0]"
63.7833960056,,586,,1636657994,40303945,"""None""",[0.0],"[0, 0, 0, 0]"
63.8834033012,,587,,1636657994,40303945,"""None""",[0.0],"[0, 0, 0, 0]"
63.983351469,,588,,1636657994,40303945,"""None""",[0.0],"[0, 0, 0, 0]"
64.0833854675,,589,,1636657994,40303945,"""None""",[0.0],"[0, 0, 0, 0]"
64.1831777096,,590,,1636657994,40303945,"""None""",[0.0],"[0, 0, 0, 0]"
64.2831165791,,591,,1636657994,40303945,"""None""",[0.0],"[0, 0, 0, 0]"
64.383544445,,592,,1636657994,40303945,"""None""",[0.0],"[0, 0, 0, 0]"
64.4828267097,,593,,1636657994,40303945,"""None""",[0.0],"[0, 0, 0, 0]"
64.5829627514,,594,,1636657994,40303945,"""None""",[0.0],"[0, 0, 0, 0]"
64.6833484173,,595,,1636657994,40303945,"""None""",[0.0],"[0, 0, 0, 0]"
64.7833442688,,596,,1636657994,40303945,"""None""",[0.0],"[0, 0, 0, 0]"
64.8834376335,,597,,1636657994,40303945,"""None""",[0.0],"[0, 0, 0, 0]"
64.983165741,,598,,1636657994,40303945,"""None""",[0.0],"[0, 0, 0, 0]"
65.0828850269,,599,,1636657994,40303945,"""None""",[0.0],"[0, 0, 0, 0]"
65.1836071014,,600,,1636657994,40303945,"""None""",[0.0],"[0, 0, 0, 0]"
65.2833127975,,601,,1636657994,40303945,"""None""",[0.0],"[0, 0, 0, 0]"
65.3831293583,,602,,1636657994,40303945,"""Soft Puff""",[0.0],"[0, 1, 0, 0]"
65.4833028316,,603,,1636657994,40303945,"""Soft-Hard Puff Deadband""",[0.0],"[0, 0, 0, 0]"
65.5828239918,,604,,1636657994,40303945,"""Soft-Hard Puff Deadband""",[0.0],"[0, 0, 0, 0]"
65.6828384399,,605,,1636657994,40303945,"""Hard Puff""",[0.0],"[1, 0, 0, 0]"
65.7831652164,,606,,1636657994,40303945,"""Hard Puff""",[0.0],"[1, 0, 0, 0]"
65.8832597733,,607,,1636657994,40303945,"""Hard Puff""",[0.0],"[1, 0, 0, 0]"
65.9835000038,,608,,1636657994,40303945,"""Hard Puff""",[0.0],"[1, 0, 0, 0]"
66.0835149288,,609,,1636657994,40303945,"""Hard Puff""",[0.0],"[1, 0, 0, 0]"
66.1833879948,,610,,1636657994,40303945,"""Hard Puff""",[0.0],"[1, 0, 0, 0]"
66.2829408646,,611,,1636657994,40303945,"""Hard Puff""",[0.0],"[1, 0, 0, 0]"
66.3833918571,,612,,1636657994,40303945,"""Hard Puff""",[0.0],"[1, 0, 0, 0]"
66.4830510616,,613,,1636657994,40303945,"""Hard Puff""",[0.0],"[1, 0, 0, 0]"
66.5829811096,,614,,1636657994,40303945,"""Hard Puff""",[0.0],"[1, 0, 0, 0]"
66.6834430695,,615,,1636657994,40303945,"""None""",[0.0],"[0, 0, 0, 0]"
66.7833917141,,616,,1636657994,40303945,"""None""",[0.0],"[0, 0, 0, 0]"
66.8829162121,,617,,1636657994,40303945,"""None""",[0.0],"[0, 0, 0, 0]"
66.9835510254,,618,,1636657994,40303945,"""None""",[0.0],"[0, 0, 0, 0]"
67.0828289986,,619,,1636657994,40303945,"""None""",[0.0],"[0, 0, 0, 0]"
67.1832337379,,620,,1636657994,40303945,"""None""",[0.0],"[0, 0, 0, 0]"
67.282790184,,621,,1636657994,40303945,"""None""",[0.0],"[0, 0, 0, 0]"
67.3830661774,,622,,1636657994,40303945,"""None""",[0.0],"[0, 0, 0, 0]"
67.4827649593,,623,,1636657994,40303945,"""None""",[0.0],"[0, 0, 0, 0]"
67.5830197334,,624,,1636657994,40303945,"""None""",[0.0],"[0, 0, 0, 0]"
67.6831510067,,625,,1636657994,40303945,"""None""",[0.0],"[0, 0, 0, 0]"
67.7833116055,,626,,1636657994,40303945,"""None""",[0.0],"[0, 0, 0, 0]"
67.8832950592,,627,,1636657994,40303945,"""None""",[0.0],"[0, 0, 0, 0]"
67.9833760262,,628,,1636657994,40303945,"""None""",[0.0],"[0, 0, 0, 0]"
68.0827949047,,629,,1636657994,40303945,"""None""",[0.0],"[0, 0, 0, 0]"
68.182929039,,630,,1636657994,40303945,"""None""",[0.0],"[0, 0, 0, 0]"
68.2829501629,,631,,1636657994,40303945,"""None""",[0.0],"[0, 0, 0, 0]"
68.3833873272,,632,,1636657994,40303945,"""None""",[0.0],"[0, 0, 0, 0]"
68.4828636646,,633,,1636657994,40303945,"""None""",[0.0],"[0, 0, 0, 0]"
68.5834574699,,634,,1636657994,40303945,"""None""",[0.0],"[0, 0, 0, 0]"
68.6828036308,,635,,1636657994,40303945,"""None""",[0.0],"[0, 0, 0, 0]"
68.7828884125,,636,,1636657994,40303945,"""None""",[0.0],"[0, 0, 0, 0]"
68.8836169243,,637,,1636657994,40303945,"""None""",[0.0],"[0, 0, 0, 0]"
68.9832675457,,638,,1636657994,40303945,"""None""",[0.0],"[0, 0, 0, 0]"
69.0827457905,,639,,1636657994,40303945,"""None""",[0.0],"[0, 0, 0, 0]"
69.183113575,,640,,1636657994,40303945,"""None""",[0.0],"[0, 0, 0, 0]"
69.2828145027,,641,,1636657994,40303945,"""None""",[0.0],"[0, 0, 0, 0]"
69.3829064369,,642,,1636657994,40303945,"""None""",[0.0],"[0, 0, 0, 0]"
69.4829249382,,643,,1636657994,40303945,"""None""",[0.0],"[0, 0, 0, 0]"
69.5832557678,,644,,1636657994,40303945,"""None""",[0.0],"[0, 0, 0, 0]"
69.6834549904,,645,,1636657994,40303945,"""None""",[0.0],"[0, 0, 0, 0]"
69.7833282948,,646,,1636657994,40303945,"""None""",[0.0],"[0, 0, 0, 0]"
69.8827290535,,647,,1636657994,40303945,"""None""",[0.0],"[0, 0, 0, 0]"
69.9829630852,,648,,1636657994,40303945,"""None""",[0.0],"[0, 0, 0, 0]"
70.0832877159,,649,,1636657994,40303945,"""None""",[0.0],"[0, 0, 0, 0]"
70.1831495762,,650,,1636657994,40303945,"""None""",[0.0],"[0, 0, 0, 0]"
70.2828381062,,651,,1636657994,40303945,"""None""",[0.0],"[0, 0, 0, 0]"
70.3831577301,,652,,1636657994,40303945,"""None""",[0.0],"[0, 0, 0, 0]"
70.4829437733,,653,,1636657994,40303945,"""None""",[0.0],"[0, 0, 0, 0]"
70.5832459927,,654,,1636657994,40303945,"""None""",[0.0],"[0, 0, 0, 0]"
70.6836385727,,655,,1636657994,40303945,"""None""",[0.0],"[0, 0, 0, 0]"
70.783298254,,656,,1636657994,40303945,"""Hard Sip""",[0.0],"[0, 0, 0, 1]"
70.8832376003,,657,,1636657994,40303945,"""Hard Sip""",[0.0],"[0, 0, 0, 1]"
70.983423233,,658,,1636657994,40303945,"""Hard Sip""",[0.0],"[0, 0, 0, 1]"
71.0828592777,,659,,1636657994,40303945,"""Hard Sip""",[0.0],"[0, 0, 0, 1]"
71.1832642555,,660,,1636657994,40303945,"""Hard Sip""",[0.0],"[0, 0, 0, 1]"
71.2833604813,,661,,1636657994,40303945,"""Hard Sip""",[0.0],"[0, 0, 0, 1]"
71.3831613064,,662,,1636657994,40303945,"""Hard Sip""",[0.0],"[0, 0, 0, 1]"
71.4829719067,,663,,1636657994,40303945,"""Hard Sip""",[0.0],"[0, 0, 0, 1]"
71.5833513737,,664,,1636657994,40303945,"""Hard Sip""",[0.0],"[0, 0, 0, 1]"
71.6830420494,,665,,1636657994,40303945,"""Hard Sip""",[0.0],"[0, 0, 0, 1]"
71.782879591,,666,,1636657994,40303945,"""Hard Sip""",[0.0],"[0, 0, 0, 1]"
71.8833348751,,667,,1636657994,40303945,"""None""",[0.0],"[0, 0, 0, 0]"
71.9834418297,,668,,1636657994,40303945,"""None""",[0.0],"[0, 0, 0, 0]"
72.0844805241,,669,,1636657994,40303945,"""None""",[0.0],"[0, 0, 0, 0]"
72.1831982136,,670,,1636657994,40303945,"""None""",[0.0],"[0, 0, 0, 0]"
72.2829329967,,671,,1636657994,40303945,"""None""",[0.0],"[0, 0, 0, 0]"
72.3831083775,,672,,1636657994,40303945,"""None""",[0.0],"[0, 0, 0, 0]"
72.4834794998,,673,,1636657994,40303945,"""None""",[0.0],"[0, 0, 0, 0]"
72.5828580856,,674,,1636657994,40303945,"""None""",[0.0],"[0, 0, 0, 0]"
72.6831314564,,675,,1636657994,40303945,"""None""",[0.0],"[0, 0, 0, 0]"
72.7832672596,,676,,1636657994,40303945,"""None""",[0.0],"[0, 0, 0, 0]"
72.8827602863,,677,,1636657994,40303945,"""None""",[0.0],"[0, 0, 0, 0]"
72.9829437733,,678,,1636657994,40303945,"""None""",[0.0],"[0, 0, 0, 0]"
73.0826480389,,679,,1636657994,40303945,"""None""",[0.0],"[0, 0, 0, 0]"
73.1829407215,,680,,1636657994,40303945,"""None""",[0.0],"[0, 0, 0, 0]"
73.2829871178,,681,,1636657994,40303945,"""None""",[0.0],"[0, 0, 0, 0]"
73.3831105232,,682,,1636657994,40303945,"""None""",[0.0],"[0, 0, 0, 0]"
73.4827189445,,683,,1636657994,40303945,"""None""",[0.0],"[0, 0, 0, 0]"
73.5829868317,,684,,1636657994,40303945,"""None""",[0.0],"[0, 0, 0, 0]"
73.6834130287,,685,,1636657994,40303945,"""None""",[0.0],"[0, 0, 0, 0]"
73.7835018635,,686,,1636657994,40303945,"""None""",[0.0],"[0, 0, 0, 0]"
73.8836088181,,687,,1636657994,40303945,"""None""",[0.0],"[0, 0, 0, 0]"
73.9834048748,,688,,1636657994,40303945,"""None""",[0.0],"[0, 0, 0, 0]"
74.0828111172,,689,,1636657994,40303945,"""None""",[0.0],"[0, 0, 0, 0]"
74.1838219166,,690,,1636657994,40303945,"""None""",[0.0],"[0, 0, 0, 0]"
74.2831437588,,691,,1636657994,40303945,"""None""",[0.0],"[0, 0, 0, 0]"
74.3833208084,,692,,1636657994,40303945,"""None""",[0.0],"[0, 0, 0, 0]"
74.4827849865,,693,,1636657994,40303945,"""None""",[0.0],"[0, 0, 0, 0]"
74.5830385685,,694,,1636657994,40303945,"""None""",[0.0],"[0, 0, 0, 0]"
74.6827149391,,695,,1636657994,40303945,"""None""",[0.0],"[0, 0, 0, 0]"
74.7829954624,,696,,1636657994,40303945,"""None""",[0.0],"[0, 0, 0, 0]"
74.8833363056,,697,,1636657994,40303945,"""None""",[0.0],"[0, 0, 0, 0]"
74.9833433628,,698,,1636657994,40303945,"""None""",[0.0],"[0, 0, 0, 0]"
75.082600832,,699,,1636657994,40303945,"""None""",[0.0],"[0, 0, 0, 0]"
75.182836771,,700,,1636657994,40303945,"""None""",[0.0],"[0, 0, 0, 0]"
75.2826485634,,701,,1636657994,40303945,"""None""",[0.0],"[0, 0, 0, 0]"
75.3830821514,,702,,1636657994,40303945,"""Hard Sip""",[0.0],"[0, 0, 0, 1]"
75.4832048416,,703,,1636657994,40303945,"""Hard Sip""",[0.0],"[0, 0, 0, 1]"
75.5829410553,,704,,1636657994,40303945,"""Hard Sip""",[0.0],"[0, 0, 0, 1]"
75.6831982136,,705,,1636657994,40303945,"""Hard Sip""",[0.0],"[0, 0, 0, 1]"
75.7833282948,,706,,1636657994,40303945,"""Hard Sip""",[0.0],"[0, 0, 0, 1]"
75.8835921288,,707,,1636657994,40303945,"""Hard Sip""",[0.0],"[0, 0, 0, 1]"
75.9826917648,,708,,1636657994,40303945,"""Hard Sip""",[0.0],"[0, 0, 0, 1]"
76.083032608,,709,,1636657994,40303945,"""Hard Sip""",[0.0],"[0, 0, 0, 1]"
76.1831066608,,710,,1636657994,40303945,"""Hard Sip""",[0.0],"[0, 0, 0, 1]"
76.2835211754,,711,,1636657994,40303945,"""Hard Sip""",[0.0],"[0, 0, 0, 1]"
76.3836126328,,712,,1636657994,40303945,"""Hard Sip""",[0.0],"[0, 0, 0, 1]"
76.4830760956,,713,,1636657994,40303945,"""Hard Sip""",[0.0],"[0, 0, 0, 1]"
76.5831227303,,714,,1636657994,40303945,"""Hard Sip""",[0.0],"[0, 0, 0, 1]"
76.6835608482,,715,,1636657994,40303945,"""Hard Sip""",[0.0],"[0, 0, 0, 1]"
76.7837295532,,716,,1636657994,40303945,"""Hard Sip""",[0.0],"[0, 0, 0, 1]"
76.8836488724,,717,,1636657994,40303945,"""Hard Sip""",[0.0],"[0, 0, 0, 1]"
76.9833006859,,718,,1636657994,40303945,"""None""",[0.0],"[0, 0, 0, 0]"
77.0832021236,,719,,1636657994,40303945,"""None""",[0.0],"[0, 0, 0, 0]"
77.1829223633,,720,,1636657994,40303945,"""None""",[0.0],"[0, 0, 0, 0]"
77.2827079296,,721,,1636657994,40303945,"""None""",[0.0],"[0, 0, 0, 0]"
77.3831634521,,722,,1636657994,40303945,"""None""",[0.0],"[0, 0, 0, 0]"
77.4832520485,,723,,1636657994,40303945,"""None""",[0.0],"[0, 0, 0, 0]"
77.5831346512,,724,,1636657994,40303945,"""None""",[0.0],"[0, 0, 0, 0]"
77.6825447083,,725,,1636657994,40303945,"""None""",[0.0],"[0, 0, 0, 0]"
77.7826406956,,726,,1636657994,40303945,"""None""",[0.0],"[0, 0, 0, 0]"
77.8830451965,,727,,1636657994,40303945,"""None""",[0.0],"[0, 0, 0, 0]"
77.9832019806,,728,,1636657994,40303945,"""None""",[0.0],"[0, 0, 0, 0]"
78.0833411217,,729,,1636657994,40303945,"""None""",[0.0],"[0, 0, 0, 0]"
78.1831638813,,730,,1636657994,40303945,"""None""",[0.0],"[0, 0, 0, 0]"
78.2832586765,,731,,1636657994,40303945,"""None""",[0.0],"[0, 0, 0, 0]"
78.3835344315,,732,,1636657994,40303945,"""None""",[0.0],"[0, 0, 0, 0]"
78.482763052,,733,,1636657994,40303945,"""None""",[0.0],"[0, 0, 0, 0]"
78.5829229355,,734,,1636657994,40303945,"""None""",[0.0],"[0, 0, 0, 0]"
78.6829891205,,735,,1636657994,40303945,"""None""",[0.0],"[0, 0, 0, 0]"
78.7832376957,,736,,1636657994,40303945,"""None""",[0.0],"[0, 0, 0, 0]"
78.8831658363,,737,,1636657994,40303945,"""None""",[0.0],"[0, 0, 0, 0]"
78.9833636284,,738,,1636657994,40303945,"""None""",[0.0],"[0, 0, 0, 0]"
79.0833203793,,739,,1636657994,40303945,"""None""",[0.0],"[0, 0, 0, 0]"
79.1828722954,,740,,1636657994,40303945,"""None""",[0.0],"[0, 0, 0, 0]"
79.2831277847,,741,,1636657994,40303945,"""None""",[0.0],"[0, 0, 0, 0]"
79.3831174374,,742,,1636657994,40303945,"""None""",[0.0],"[0, 0, 0, 0]"
79.4828228951,,743,,1636657994,40303945,"""None""",[0.0],"[0, 0, 0, 0]"
79.5829977989,,744,,1636657994,40303945,"""None""",[0.0],"[0, 0, 0, 0]"
79.683368206,,745,,1636657994,40303945,"""None""",[0.0],"[0, 0, 0, 0]"
79.7831039429,,746,,1636657994,40303945,"""None""",[0.0],"[0, 0, 0, 0]"
79.8834369183,,747,,1636657994,40303945,"""None""",[0.0],"[0, 0, 0, 0]"
79.9832015038,,748,,1636657994,40303945,"""None""",[0.0],"[0, 0, 0, 0]"
80.0825984478,,749,,1636657994,40303945,"""None""",[0.0],"[0, 0, 0, 0]"
80.1826448441,,750,,1636657994,40303945,"""None""",[0.0],"[0, 0, 0, 0]"
80.2830839157,,751,,1636657994,40303945,"""None""",[0.0],"[0, 0, 0, 0]"
80.3833215237,,752,,1636657994,40303945,"""None""",[0.0],"[0, 0, 0, 0]"
80.4835677147,,753,,1636657994,40303945,"""None""",[0.0],"[0, 0, 0, 0]"
80.5833563805,,754,,1636657994,40303945,"""None""",[0.0],"[0, 0, 0, 0]"
80.6825723648,,755,,1636657994,40303945,"""None""",[0.0],"[0, 0, 0, 0]"
80.7829155922,,756,,1636657994,40303945,"""None""",[0.0],"[0, 0, 0, 0]"
80.8831551075,,757,,1636657994,40303945,"""Soft Puff""",[0.0],"[0, 1, 0, 0]"
80.9834825993,,758,,1636657994,40303945,"""Soft Puff""",[0.0],"[0, 1, 0, 0]"
81.0838375092,,759,,1636657994,40303945,"""Soft Puff""",[0.0],"[0, 1, 0, 0]"
81.1832916737,,760,,1636657994,40303945,"""Soft Puff""",[0.0],"[0, 1, 0, 0]"
81.2829525471,,761,,1636657994,40303945,"""Soft Puff""",[0.0],"[0, 1, 0, 0]"
81.3829169273,,762,,1636657994,40303945,"""Soft Puff""",[0.0],"[0, 1, 0, 0]"
81.4832446575,,763,,1636657994,40303945,"""Soft Puff""",[0.0],"[0, 1, 0, 0]"
81.5828709602,,764,,1636657994,40303945,"""Soft Puff""",[0.0],"[0, 1, 0, 0]"
81.6830780506,,765,,1636657994,40303945,"""Soft Puff""",[0.0],"[0, 1, 0, 0]"
81.7832531929,,766,,1636657994,40303945,"""Soft Puff""",[0.0],"[0, 1, 0, 0]"
81.8827011585,,767,,1636657994,40303945,"""Soft Puff""",[0.0],"[0, 1, 0, 0]"
81.9829556942,,768,,1636657994,40303945,"""None""",[0.0],"[0, 0, 0, 0]"
82.0831830502,,769,,1636657994,40303945,"""None""",[0.0],"[0, 0, 0, 0]"
82.183211565,,770,,1636657994,40303945,"""None""",[0.0],"[0, 0, 0, 0]"
82.2831687927,,771,,1636657994,40303945,"""None""",[0.0],"[0, 0, 0, 0]"
82.3836057186,,772,,1636657994,40303945,"""None""",[0.0],"[0, 0, 0, 0]"
82.4827575684,,773,,1636657994,40303945,"""None""",[0.0],"[0, 0, 0, 0]"
82.582890749,,774,,1636657994,40303945,"""None""",[0.0],"[0, 0, 0, 0]"
82.6833410263,,775,,1636657994,40303945,"""None""",[0.0],"[0, 0, 0, 0]"
82.7832524776,,776,,1636657994,40303945,"""None""",[0.0],"[0, 0, 0, 0]"
82.8832376003,,777,,1636657994,40303945,"""None""",[0.0],"[0, 0, 0, 0]"
82.9834823608,,778,,1636657994,40303945,"""None""",[0.0],"[0, 0, 0, 0]"
83.0825853348,,779,,1636657994,40303945,"""None""",[0.0],"[0, 0, 0, 0]"
83.1826786995,,780,,1636657994,40303945,"""None""",[0.0],"[0, 0, 0, 0]"
83.2828421593,,781,,1636657994,40303945,"""None""",[0.0],"[0, 0, 0, 0]"
83.3832454681,,782,,1636657994,40303945,"""None""",[0.0],"[0, 0, 0, 0]"
83.482681036,,783,,1636657994,40303945,"""None""",[0.0],"[0, 0, 0, 0]"
83.5834145546,,784,,1636657994,40303945,"""None""",[0.0],"[0, 0, 0, 0]"
83.6825909615,,785,,1636657994,40303945,"""None""",[0.0],"[0, 0, 0, 0]"
83.7826826572,,786,,1636657994,40303945,"""None""",[0.0],"[0, 0, 0, 0]"
83.8828008175,,787,,1636657994,40303945,"""None""",[0.0],"[0, 0, 0, 0]"
83.9830327034,,788,,1636657994,40303945,"""None""",[0.0],"[0, 0, 0, 0]"
84.0828983784,,789,,1636657994,40303945,"""None""",[0.0],"[0, 0, 0, 0]"
84.1834719181,,790,,1636657994,40303945,"""None""",[0.0],"[0, 0, 0, 0]"
84.2827703953,,791,,1636657994,40303945,"""None""",[0.0],"[0, 0, 0, 0]"
84.3828716278,,792,,1636657994,40303945,"""None""",[0.0],"[0, 0, 0, 0]"
84.4826040268,,793,,1636657994,40303945,"""None""",[0.0],"[0, 0, 0, 0]"
84.5830461979,,794,,1636657994,40303945,"""None""",[0.0],"[0, 0, 0, 0]"
84.6830742359,,795,,1636657994,40303945,"""None""",[0.0],"[0, 0, 0, 0]"
84.7833812237,,796,,1636657994,40303945,"""None""",[0.0],"[0, 0, 0, 0]"
84.8826398849,,797,,1636657994,40303945,"""None""",[0.0],"[0, 0, 0, 0]"
84.9828457832,,798,,1636657994,40303945,"""None""",[0.0],"[0, 0, 0, 0]"
85.0832939148,,799,,1636657994,40303945,"""None""",[0.0],"[0, 0, 0, 0]"
85.182700634,,800,,1636657994,40303945,"""None""",[0.0],"[0, 0, 0, 0]"
85.2830190659,,801,,1636657994,40303945,"""None""",[0.0],"[0, 0, 0, 0]"
85.3833250999,,802,,1636657994,40303945,"""None""",[0.0],"[0, 0, 0, 0]"
85.482475996,,803,,1636657994,40303945,"""None""",[0.0],"[0, 0, 0, 0]"
85.5828938484,,804,,1636657994,40303945,"""None""",[0.0],"[0, 0, 0, 0]"
85.6830778122,,805,,1636657994,40303945,"""None""",[0.0],"[0, 0, 0, 0]"
85.7834086418,,806,,1636657994,40303945,"""Soft Puff""",[0.0],"[0, 1, 0, 0]"
85.8831746578,,807,,1636657994,40303945,"""Soft Puff""",[0.0],"[0, 1, 0, 0]"
85.9834287167,,808,,1636657994,40303945,"""Soft Puff""",[0.0],"[0, 1, 0, 0]"
86.0825664997,,809,,1636657994,40303945,"""Soft Puff""",[0.0],"[0, 1, 0, 0]"
86.1830821037,,810,,1636657994,40303945,"""Soft Puff""",[0.0],"[0, 1, 0, 0]"
86.2833945751,,811,,1636657994,40303945,"""Soft Puff""",[0.0],"[0, 1, 0, 0]"
86.3832492828,,812,,1636657994,40303945,"""Soft Puff""",[0.0],"[0, 1, 0, 0]"
86.4829661846,,813,,1636657994,40303945,"""Soft Puff""",[0.0],"[0, 1, 0, 0]"
86.5832235813,,814,,1636657994,40303945,"""Soft Puff""",[0.0],"[0, 1, 0, 0]"
86.6833879948,,815,,1636657994,40303945,"""Soft Puff""",[0.0],"[0, 1, 0, 0]"
86.7831418514,,816,,1636657994,40303945,"""Soft Puff""",[0.0],"[0, 1, 0, 0]"
86.883364439,,817,,1636657994,40303945,"""Soft Puff""",[0.0],"[0, 1, 0, 0]"
86.9833056927,,818,,1636657994,40303945,"""Soft Puff""",[0.0],"[0, 1, 0, 0]"
87.0833976269,,819,,1636657994,40303945,"""None""",[0.0],"[0, 0, 0, 0]"
87.1826610565,,820,,1636657994,40303945,"""None""",[0.0],"[0, 0, 0, 0]"
87.2827470303,,821,,1636657994,40303945,"""None""",[0.0],"[0, 0, 0, 0]"
87.3830170631,,822,,1636657994,40303945,"""None""",[0.0],"[0, 0, 0, 0]"
87.4833769798,,823,,1636657994,40303945,"""None""",[0.0],"[0, 0, 0, 0]"
87.5832052231,,824,,1636657994,40303945,"""None""",[0.0],"[0, 0, 0, 0]"
87.6833899021,,825,,1636657994,40303945,"""None""",[0.0],"[0, 0, 0, 0]"
87.7834377289,,826,,1636657994,40303945,"""None""",[0.0],"[0, 0, 0, 0]"
87.8836348057,,827,,1636657994,40303945,"""None""",[0.0],"[0, 0, 0, 0]"
87.9830360413,,828,,1636657994,40303945,"""None""",[0.0],"[0, 0, 0, 0]"
88.0831696987,,829,,1636657994,40303945,"""None""",[0.0],"[0, 0, 0, 0]"
88.1833162308,,830,,1636657994,40303945,"""None""",[0.0],"[0, 0, 0, 0]"
88.2831583023,,831,,1636657994,40303945,"""None""",[0.0],"[0, 0, 0, 0]"
88.3832798004,,832,,1636657994,40303945,"""None""",[0.0],"[0, 0, 0, 0]"
88.4825015068,,833,,1636657994,40303945,"""None""",[0.0],"[0, 0, 0, 0]"
88.582988739,,834,,1636657994,40303945,"""None""",[0.0],"[0, 0, 0, 0]"
88.6833953857,,835,,1636657994,40303945,"""None""",[0.0],"[0, 0, 0, 0]"
88.7831218243,,836,,1636657994,40303945,"""None""",[0.0],"[0, 0, 0, 0]"
88.8832235336,,837,,1636657994,40303945,"""None""",[0.0],"[0, 0, 0, 0]"
88.9833154678,,838,,1636657994,40303945,"""None""",[0.0],"[0, 0, 0, 0]"
89.0832498074,,839,,1636657994,40303945,"""None""",[0.0],"[0, 0, 0, 0]"
89.1829574108,,840,,1636657994,40303945,"""None""",[0.0],"[0, 0, 0, 0]"
89.2824647427,,841,,1636657994,40303945,"""None""",[0.0],"[0, 0, 0, 0]"
89.3829956055,,842,,1636657994,40303945,"""None""",[0.0],"[0, 0, 0, 0]"
89.4830145836,,843,,1636657994,40303945,"""None""",[0.0],"[0, 0, 0, 0]"
89.5829091072,,844,,1636657994,40303945,"""None""",[0.0],"[0, 0, 0, 0]"
89.6831650734,,845,,1636657994,40303945,"""None""",[0.0],"[0, 0, 0, 0]"
89.7832639217,,846,,1636657994,40303945,"""None""",[0.0],"[0, 0, 0, 0]"
89.8833329678,,847,,1636657994,40303945,"""None""",[0.0],"[0, 0, 0, 0]"
89.9833185673,,848,,1636657994,40303945,"""None""",[0.0],"[0, 0, 0, 0]"
90.0833857059,,849,,1636657994,40303945,"""None""",[0.0],"[0, 0, 0, 0]"
90.1833715439,,850,,1636657994,40303945,"""None""",[0.0],"[0, 0, 0, 0]"
90.2831439972,,851,,1636657994,40303945,"""Soft Puff""",[0.0],"[0, 1, 0, 0]"
90.3830902576,,852,,1636657994,40303945,"""Soft-Hard Puff Deadband""",[0.0],"[0, 0, 0, 0]"
90.4831912518,,853,,1636657994,40303945,"""Soft-Hard Puff Deadband""",[0.0],"[0, 0, 0, 0]"
90.5827000141,,854,,1636657994,40303945,"""Hard Puff""",[0.0],"[1, 0, 0, 0]"
90.6831331253,,855,,1636657994,40303945,"""Hard Puff""",[0.0],"[1, 0, 0, 0]"
90.783295393,,856,,1636657994,40303945,"""Hard Puff""",[0.0],"[1, 0, 0, 0]"
90.8831896782,,857,,1636657994,40303945,"""Hard Puff""",[0.0],"[1, 0, 0, 0]"
90.983310461,,858,,1636657994,40303945,"""Hard Puff""",[0.0],"[1, 0, 0, 0]"
91.0833115578,,859,,1636657994,40303945,"""Hard Puff""",[0.0],"[1, 0, 0, 0]"
91.1833450794,,860,,1636657994,40303945,"""Hard Puff""",[0.0],"[1, 0, 0, 0]"
91.2827188969,,861,,1636657994,40303945,"""Hard Puff""",[0.0],"[1, 0, 0, 0]"
91.3830084801,,862,,1636657994,40303945,"""Hard Puff""",[0.0],"[1, 0, 0, 0]"
91.4827039242,,863,,1636657994,40303945,"""Hard Puff""",[0.0],"[1, 0, 0, 0]"
91.5831334591,,864,,1636657994,40303945,"""Hard Puff""",[0.0],"[1, 0, 0, 0]"
91.6833739281,,865,,1636657994,40303945,"""None""",[0.0],"[0, 0, 0, 0]"
91.7832922935,,866,,1636657994,40303945,"""None""",[0.0],"[0, 0, 0, 0]"
91.8831892014,,867,,1636657994,40303945,"""None""",[0.0],"[0, 0, 0, 0]"
91.9832003117,,868,,1636657994,40303945,"""None""",[0.0],"[0, 0, 0, 0]"
92.0831980705,,869,,1636657994,40303945,"""None""",[0.0],"[0, 0, 0, 0]"
92.1831855774,,870,,1636657994,40303945,"""None""",[0.0],"[0, 0, 0, 0]"
92.2832403183,,871,,1636657994,40303945,"""None""",[0.0],"[0, 0, 0, 0]"
92.3836364746,,872,,1636657994,40303945,"""None""",[0.0],"[0, 0, 0, 0]"
92.4831674099,,873,,1636657994,40303945,"""None""",[0.0],"[0, 0, 0, 0]"
92.5829660892,,874,,1636657994,40303945,"""None""",[0.0],"[0, 0, 0, 0]"
92.6830730438,,875,,1636657994,40303945,"""None""",[0.0],"[0, 0, 0, 0]"
92.7831285,,876,,1636657994,40303945,"""None""",[0.0],"[0, 0, 0, 0]"
92.883282423,,877,,1636657994,40303945,"""None""",[0.0],"[0, 0, 0, 0]"
92.9833705425,,878,,1636657994,40303945,"""None""",[0.0],"[0, 0, 0, 0]"
93.0832881927,,879,,1636657994,40303945,"""None""",[0.0],"[0, 0, 0, 0]"
93.1832079887,,880,,1636657994,40303945,"""None""",[0.0],"[0, 0, 0, 0]"
93.2828392982,,881,,1636657994,40303945,"""None""",[0.0],"[0, 0, 0, 0]"
93.383010149,,882,,1636657994,40303945,"""None""",[0.0],"[0, 0, 0, 0]"
93.4833996296,,883,,1636657994,40303945,"""None""",[0.0],"[0, 0, 0, 0]"
93.5829675198,,884,,1636657994,40303945,"""None""",[0.0],"[0, 0, 0, 0]"
93.6834459305,,885,,1636657994,40303945,"""None""",[0.0],"[0, 0, 0, 0]"
93.7833225727,,886,,1636657994,40303945,"""None""",[0.0],"[0, 0, 0, 0]"
93.883241415,,887,,1636657994,40303945,"""None""",[0.0],"[0, 0, 0, 0]"
93.9832181931,,888,,1636657994,40303945,"""None""",[0.0],"[0, 0, 0, 0]"
94.0833525658,,889,,1636657994,40303945,"""None""",[0.0],"[0, 0, 0, 0]"
94.1834597588,,890,,1636657994,40303945,"""None""",[0.0],"[0, 0, 0, 0]"
94.2831671238,,891,,1636657994,40303945,"""None""",[0.0],"[0, 0, 0, 0]"
94.3833007812,,892,,1636657994,40303945,"""None""",[0.0],"[0, 0, 0, 0]"
94.4833810329,,893,,1636657994,40303945,"""None""",[0.0],"[0, 0, 0, 0]"
94.5828046799,,894,,1636657994,40303945,"""None""",[0.0],"[0, 0, 0, 0]"
94.6826355457,,895,,1636657994,40303945,"""None""",[0.0],"[0, 0, 0, 0]"
94.7829551697,,896,,1636657994,40303945,"""None""",[0.0],"[0, 0, 0, 0]"
94.8832871914,,897,,1636657994,40303945,"""None""",[0.0],"[0, 0, 0, 0]"
94.9834630489,,898,,1636657994,40303945,"""None""",[0.0],"[0, 0, 0, 0]"
95.0833733082,,899,,1636657994,40303945,"""None""",[0.0],"[0, 0, 0, 0]"
95.1829516888,,900,,1636657994,40303945,"""None""",[0.0],"[0, 0, 0, 0]"
95.2826914787,,901,,1636657994,40303945,"""None""",[0.0],"[0, 0, 0, 0]"
95.3830955029,,902,,1636657994,40303945,"""None""",[0.0],"[0, 0, 0, 0]"
95.4830613136,,903,,1636657994,40303945,"""None""",[0.0],"[0, 0, 0, 0]"
95.5826659203,,904,,1636657994,40303945,"""None""",[0.0],"[0, 0, 0, 0]"
95.6829111576,,905,,1636657994,40303945,"""None""",[0.0],"[0, 0, 0, 0]"
95.7829577923,,906,,1636657994,40303945,"""None""",[0.0],"[0, 0, 0, 0]"
95.8833022118,,907,,1636657994,40303945,"""None""",[0.0],"[0, 0, 0, 0]"
95.9831495285,,908,,1636657994,40303945,"""None""",[0.0],"[0, 0, 0, 0]"
96.0833003521,,909,,1636657994,40303945,"""None""",[0.0],"[0, 0, 0, 0]"
96.1831710339,,910,,1636657994,40303945,"""None""",[0.0],"[0, 0, 0, 0]"
96.2837121487,,911,,1636657994,40303945,"""None""",[0.0],"[0, 0, 0, 0]"
96.3829154968,,912,,1636657994,40303945,"""Hard Sip""",[0.0],"[0, 0, 0, 1]"
96.4829258919,,913,,1636657994,40303945,"""Hard Sip""",[0.0],"[0, 0, 0, 1]"
96.5829284191,,914,,1636657994,40303945,"""Hard Sip""",[0.0],"[0, 0, 0, 1]"
96.6826777458,,915,,1636657994,40303945,"""Hard Sip""",[0.0],"[0, 0, 0, 1]"
96.7834773064,,916,,1636657994,40303945,"""Hard Sip""",[0.0],"[0, 0, 0, 1]"
96.8835456371,,917,,1636657994,40303945,"""Hard Sip""",[0.0],"[0, 0, 0, 1]"
96.9827501774,,918,,1636657994,40303945,"""Hard Sip""",[0.0],"[0, 0, 0, 1]"
97.0831215382,,919,,1636657994,40303945,"""Hard Sip""",[0.0],"[0, 0, 0, 1]"
97.1831526756,,920,,1636657994,40303945,"""Hard Sip""",[0.0],"[0, 0, 0, 1]"
97.2826633453,,921,,1636657994,40303945,"""Hard Sip""",[0.0],"[0, 0, 0, 1]"
97.3827719688,,922,,1636657994,40303945,"""Hard Sip""",[0.0],"[0, 0, 0, 1]"
97.4834258556,,923,,1636657994,40303945,"""Hard Sip""",[0.0],"[0, 0, 0, 1]"
97.582700491,,924,,1636657994,40303945,"""Hard Sip""",[0.0],"[0, 0, 0, 1]"
97.6827881336,,925,,1636657994,40303945,"""Hard Sip""",[0.0],"[0, 0, 0, 1]"
97.7830626965,,926,,1636657994,40303945,"""None""",[0.0],"[0, 0, 0, 0]"
97.8834564686,,927,,1636657994,40303945,"""None""",[0.0],"[0, 0, 0, 0]"
97.9832639694,,928,,1636657994,40303945,"""None""",[0.0],"[0, 0, 0, 0]"
98.083381176,,929,,1636657994,40303945,"""None""",[0.0],"[0, 0, 0, 0]"
98.182737112,,930,,1636657994,40303945,"""None""",[0.0],"[0, 0, 0, 0]"
98.2828156948,,931,,1636657994,40303945,"""None""",[0.0],"[0, 0, 0, 0]"
98.3830447197,,932,,1636657994,40303945,"""None""",[0.0],"[0, 0, 0, 0]"
98.4831302166,,933,,1636657994,40303945,"""None""",[0.0],"[0, 0, 0, 0]"
98.5831108093,,934,,1636657994,40303945,"""None""",[0.0],"[0, 0, 0, 0]"
98.6831147671,,935,,1636657994,40303945,"""None""",[0.0],"[0, 0, 0, 0]"
98.7827577591,,936,,1636657994,40303945,"""None""",[0.0],"[0, 0, 0, 0]"
98.8830089569,,937,,1636657994,40303945,"""None""",[0.0],"[0, 0, 0, 0]"
98.9832289219,,938,,1636657994,40303945,"""None""",[0.0],"[0, 0, 0, 0]"
99.0831520557,,939,,1636657994,40303945,"""None""",[0.0],"[0, 0, 0, 0]"
99.1833162308,,940,,1636657994,40303945,"""None""",[0.0],"[0, 0, 0, 0]"
99.2828476429,,941,,1636657994,40303945,"""None""",[0.0],"[0, 0, 0, 0]"
99.3827440739,,942,,1636657994,40303945,"""None""",[0.0],"[0, 0, 0, 0]"
99.4828791618,,943,,1636657994,40303945,"""None""",[0.0],"[0, 0, 0, 0]"
99.582785368,,944,,1636657994,40303945,"""None""",[0.0],"[0, 0, 0, 0]"
99.6829650402,,945,,1636657994,40303945,"""None""",[0.0],"[0, 0, 0, 0]"
99.7832837105,,946,,1636657994,40303945,"""None""",[0.0],"[0, 0, 0, 0]"
99.8833370209,,947,,1636657994,40303945,"""None""",[0.0],"[0, 0, 0, 0]"
99.9826831818,,948,,1636657994,40303945,"""None""",[0.0],"[0, 0, 0, 0]"
100.082851887,,949,,1636657994,40303945,"""None""",[0.0],"[0, 0, 0, 0]"
100.183104515,,950,,1636657994,40303945,"""None""",[0.0],"[0, 0, 0, 0]"
100.283008814,,951,,1636657994,40303945,"""None""",[0.0],"[0, 0, 0, 0]"
100.382764101,,952,,1636657994,40303945,"""None""",[0.0],"[0, 0, 0, 0]"
100.483096838,,953,,1636657994,40303945,"""None""",[0.0],"[0, 0, 0, 0]"
100.5828197,,954,,1636657994,40303945,"""None""",[0.0],"[0, 0, 0, 0]"
100.682816982,,955,,1636657994,40303945,"""None""",[0.0],"[0, 0, 0, 0]"
100.783050537,,956,,1636657994,40303945,"""None""",[0.0],"[0, 0, 0, 0]"
100.88309288,,957,,1636657994,40303945,"""Soft-Hard Sip Deadband""",[0.0],"[0, 0, 0, 0]"
100.983341694,,958,,1636657994,40303945,"""Hard Sip""",[0.0],"[0, 0, 0, 1]"
101.083281279,,959,,1636657994,40303945,"""Hard Sip""",[0.0],"[0, 0, 0, 1]"
101.182994604,,960,,1636657994,40303945,"""Hard Sip""",[0.0],"[0, 0, 0, 1]"
101.283078909,,961,,1636657994,40303945,"""Hard Sip""",[0.0],"[0, 0, 0, 1]"
101.383192062,,962,,1636657994,40303945,"""Hard Sip""",[0.0],"[0, 0, 0, 1]"
101.48325491,,963,,1636657994,40303945,"""Hard Sip""",[0.0],"[0, 0, 0, 1]"
101.5828619,,964,,1636657994,40303945,"""Hard Sip""",[0.0],"[0, 0, 0, 1]"
101.683471203,,965,,1636657994,40303945,"""Hard Sip""",[0.0],"[0, 0, 0, 1]"
101.782977343,,966,,1636657994,40303945,"""Hard Sip""",[0.0],"[0, 0, 0, 1]"
101.883168221,,967,,1636657994,40303945,"""Hard Sip""",[0.0],"[0, 0, 0, 1]"
101.983290911,,968,,1636657994,40303945,"""Hard Sip""",[0.0],"[0, 0, 0, 1]"
102.08348465,,969,,1636657994,40303945,"""None""",[0.0],"[0, 0, 0, 0]"
102.183378696,,970,,1636657994,40303945,"""None""",[0.0],"[0, 0, 0, 0]"
102.283358812,,971,,1636657994,40303945,"""None""",[0.0],"[0, 0, 0, 0]"
102.382966757,,972,,1636657994,40303945,"""None""",[0.0],"[0, 0, 0, 0]"
102.483083725,,973,,1636657994,40303945,"""None""",[0.0],"[0, 0, 0, 0]"
102.583517551,,974,,1636657994,40303945,"""None""",[0.0],"[0, 0, 0, 0]"
102.683357239,,975,,1636657994,40303945,"""None""",[0.0],"[0, 0, 0, 0]"
102.783330679,,976,,1636657994,40303945,"""None""",[0.0],"[0, 0, 0, 0]"
102.883687496,,977,,1636657994,40303945,"""None""",[0.0],"[0, 0, 0, 0]"
102.982897997,,978,,1636657994,40303945,"""None""",[0.0],"[0, 0, 0, 0]"
103.083144188,,979,,1636657994,40303945,"""None""",[0.0],"[0, 0, 0, 0]"
103.183318853,,980,,1636657994,40303945,"""None""",[0.0],"[0, 0, 0, 0]"
103.28336525,,981,,1636657994,40303945,"""None""",[0.0],"[0, 0, 0, 0]"
103.383206606,,982,,1636657994,40303945,"""None""",[0.0],"[0, 0, 0, 0]"
103.482871294,,983,,1636657994,40303945,"""None""",[0.0],"[0, 0, 0, 0]"
103.582645655,,984,,1636657994,40303945,"""None""",[0.0],"[0, 0, 0, 0]"
103.682616234,,985,,1636657994,40303945,"""None""",[0.0],"[0, 0, 0, 0]"
103.782948971,,986,,1636657994,40303945,"""None""",[0.0],"[0, 0, 0, 0]"
103.883170366,,987,,1636657994,40303945,"""None""",[0.0],"[0, 0, 0, 0]"
103.983202219,,988,,1636657994,40303945,"""None""",[0.0],"[0, 0, 0, 0]"
104.083200932,,989,,1636657994,40303945,"""None""",[0.0],"[0, 0, 0, 0]"
104.182969093,,990,,1636657994,40303945,"""None""",[0.0],"[0, 0, 0, 0]"
104.283084393,,991,,1636657994,40303945,"""None""",[0.0],"[0, 0, 0, 0]"
104.383547783,,992,,1636657994,40303945,"""None""",[0.0],"[0, 0, 0, 0]"
104.483038425,,993,,1636657994,40303945,"""None""",[0.0],"[0, 0, 0, 0]"
104.582779884,,994,,1636657994,40303945,"""None""",[0.0],"[0, 0, 0, 0]"
104.683120728,,995,,1636657994,40303945,"""None""",[0.0],"[0, 0, 0, 0]"
104.782927036,,996,,1636657994,40303945,"""None""",[0.0],"[0, 0, 0, 0]"
104.883167267,,997,,1636657994,40303945,"""None""",[0.0],"[0, 0, 0, 0]"
104.98337841,,998,,1636657994,40303945,"""None""",[0.0],"[0, 0, 0, 0]"
105.083665371,,999,,1636657994,40303945,"""None""",[0.0],"[0, 0, 0, 0]"
105.183317184,,1000,,1636657994,40303945,"""None""",[0.0],"[0, 0, 0, 0]"
105.283160448,,1001,,1636657994,40303945,"""None""",[0.0],"[0, 0, 0, 0]"
105.382896185,,1002,,1636657994,40303945,"""None""",[0.0],"[0, 0, 0, 0]"
105.483179569,,1003,,1636657994,40303945,"""None""",[0.0],"[0, 0, 0, 0]"
105.582567453,,1004,,1636657994,40303945,"""None""",[0.0],"[0, 0, 0, 0]"
105.682853699,,1005,,1636657994,40303945,"""None""",[0.0],"[0, 0, 0, 0]"
105.78301096,,1006,,1636657994,40303945,"""None""",[0.0],"[0, 0, 0, 0]"
105.883262873,,1007,,1636657994,40303945,"""None""",[0.0],"[0, 0, 0, 0]"
105.983367205,,1008,,1636657994,40303945,"""None""",[0.0],"[0, 0, 0, 0]"
106.083356857,,1009,,1636657994,40303945,"""None""",[0.0],"[0, 0, 0, 0]"
106.183404684,,1010,,1636657994,40303945,"""None""",[0.0],"[0, 0, 0, 0]"
106.283064365,,1011,,1636657994,40303945,"""None""",[0.0],"[0, 0, 0, 0]"
106.38322854,,1012,,1636657994,40303945,"""None""",[0.0],"[0, 0, 0, 0]"
106.482845545,,1013,,1636657994,40303945,"""None""",[0.0],"[0, 0, 0, 0]"
106.582717896,,1014,,1636657994,40303945,"""None""",[0.0],"[0, 0, 0, 0]"
106.683190346,,1015,,1636657994,40303945,"""None""",[0.0],"[0, 0, 0, 0]"
106.783360243,,1016,,1636657994,40303945,"""None""",[0.0],"[0, 0, 0, 0]"
106.883394718,,1017,,1636657994,40303945,"""None""",[0.0],"[0, 0, 0, 0]"
106.983356237,,1018,,1636657994,40303945,"""None""",[0.0],"[0, 0, 0, 0]"
107.083265781,,1019,,1636657994,40303945,"""None""",[0.0],"[0, 0, 0, 0]"
107.183312178,,1020,,1636657994,40303945,"""None""",[0.0],"[0, 0, 0, 0]"
107.283255816,,1021,,1636657994,40303945,"""None""",[0.0],"[0, 0, 0, 0]"
107.382777691,,1022,,1636657994,40303945,"""None""",[0.0],"[0, 0, 0, 0]"
107.483063221,,1023,,1636657994,40303945,"""None""",[0.0],"[0, 0, 0, 0]"
107.582798243,,1024,,1636657994,40303945,"""None""",[0.0],"[0, 0, 0, 0]"
107.68279767,,1025,,1636657994,40303945,"""None""",[0.0],"[0, 0, 0, 0]"
107.782940626,,1026,,1636657994,40303945,"""None""",[0.0],"[0, 0, 0, 0]"
107.883337736,,1027,,1636657994,40303945,"""None""",[0.0],"[0, 0, 0, 0]"
107.982928276,,1028,,1636657994,40303945,"""None""",[0.0],"[0, 0, 0, 0]"
108.084012747,,1029,,1636657994,40303945,"""None""",[0.0],"[0, 0, 0, 0]"
108.183226347,,1030,,1636657994,40303945,"""None""",[0.0],"[0, 0, 0, 0]"
108.283390522,,1031,,1636657994,40303945,"""None""",[0.0],"[0, 0, 0, 0]"
108.383335829,,1032,,1636657994,40303945,"""None""",[0.0],"[0, 0, 0, 0]"
108.483180761,,1033,,1636657994,40303945,"""None""",[0.0],"[0, 0, 0, 0]"
108.58292222,,1034,,1636657994,40303945,"""None""",[0.0],"[0, 0, 0, 0]"
108.682517767,,1035,,1636657994,40303945,"""None""",[0.0],"[0, 0, 0, 0]"
108.783044577,,1036,,1636657994,40303945,"""None""",[0.0],"[0, 0, 0, 0]"
108.882679462,,1037,,1636657994,40303945,"""None""",[0.0],"[0, 0, 0, 0]"
108.982882977,,1038,,1636657994,40303945,"""None""",[0.0],"[0, 0, 0, 0]"
109.083555222,,1039,,1636657994,40303945,"""None""",[0.0],"[0, 0, 0, 0]"
109.183226824,,1040,,1636657994,40303945,"""None""",[0.0],"[0, 0, 0, 0]"
109.283326387,,1041,,1636657994,40303945,"""None""",[0.0],"[0, 0, 0, 0]"
109.382662535,,1042,,1636657994,40303945,"""None""",[0.0],"[0, 0, 0, 0]"
109.482947826,,1043,,1636657994,40303945,"""None""",[0.0],"[0, 0, 0, 0]"
109.583193302,,1044,,1636657994,40303945,"""None""",[0.0],"[0, 0, 0, 0]"
109.683294296,,1045,,1636657994,40303945,"""None""",[0.0],"[0, 0, 0, 0]"
109.782821894,,1046,,1636657994,40303945,"""None""",[0.0],"[0, 0, 0, 0]"
109.883060217,,1047,,1636657994,40303945,"""None""",[0.0],"[0, 0, 0, 0]"
109.983886719,,1048,,1636657994,40303945,"""None""",[0.0],"[0, 0, 0, 0]"
110.083390713,,1049,,1636657994,40303945,"""None""",[0.0],"[0, 0, 0, 0]"
110.183624983,,1050,,1636657994,40303945,"""None""",[0.0],"[0, 0, 0, 0]"
110.283308506,,1051,,1636657994,40303945,"""None""",[0.0],"[0, 0, 0, 0]"
110.383448124,,1052,,1636657994,40303945,"""None""",[0.0],"[0, 0, 0, 0]"
110.483186007,,1053,,1636657994,40303945,"""None""",[0.0],"[0, 0, 0, 0]"
110.582911491,,1054,,1636657994,40303945,"""None""",[0.0],"[0, 0, 0, 0]"
110.683533192,,1055,,1636657994,40303945,"""None""",[0.0],"[0, 0, 0, 0]"
110.783215523,,1056,,1636657994,40303945,"""None""",[0.0],"[0, 0, 0, 0]"
110.883468628,,1057,,1636657994,40303945,"""None""",[0.0],"[0, 0, 0, 0]"
110.983580828,,1058,,1636657994,40303945,"""None""",[0.0],"[0, 0, 0, 0]"
111.083388805,,1059,,1636657994,40303945,"""None""",[0.0],"[0, 0, 0, 0]"
111.183176041,,1060,,1636657994,40303945,"""None""",[0.0],"[0, 0, 0, 0]"
111.283239365,,1061,,1636657994,40303945,"""None""",[0.0],"[0, 0, 0, 0]"
111.382557154,,1062,,1636657994,40303945,"""None""",[0.0],"[0, 0, 0, 0]"
111.482695103,,1063,,1636657994,40303945,"""None""",[0.0],"[0, 0, 0, 0]"
111.582970619,,1064,,1636657994,40303945,"""None""",[0.0],"[0, 0, 0, 0]"
111.68307519,,1065,,1636657994,40303945,"""None""",[0.0],"[0, 0, 0, 0]"
111.7833395,,1066,,1636657994,40303945,"""None""",[0.0],"[0, 0, 0, 0]"
111.883253813,,1067,,1636657994,40303945,"""None""",[0.0],"[0, 0, 0, 0]"
111.983373642,,1068,,1636657994,40303945,"""None""",[0.0],"[0, 0, 0, 0]"
112.083197594,,1069,,1636657994,40303945,"""None""",[0.0],"[0, 0, 0, 0]"
112.183205843,,1070,,1636657994,40303945,"""None""",[0.0],"[0, 0, 0, 0]"
112.282956839,,1071,,1636657994,40303945,"""None""",[0.0],"[0, 0, 0, 0]"
112.383305788,,1072,,1636657994,40303945,"""None""",[0.0],"[0, 0, 0, 0]"
112.483248472,,1073,,1636657994,40303945,"""None""",[0.0],"[0, 0, 0, 0]"
112.582570076,,1074,,1636657994,40303945,"""None""",[0.0],"[0, 0, 0, 0]"
112.683585167,,1075,,1636657994,40303945,"""None""",[0.0],"[0, 0, 0, 0]"
112.783199549,,1076,,1636657994,40303945,"""None""",[0.0],"[0, 0, 0, 0]"
112.88330698,,1077,,1636657994,40303945,"""None""",[0.0],"[0, 0, 0, 0]"
112.983347893,,1078,,1636657994,40303945,"""None""",[0.0],"[0, 0, 0, 0]"
113.083624363,,1079,,1636657994,40303945,"""None""",[0.0],"[0, 0, 0, 0]"
113.183207035,,1080,,1636657994,40303945,"""None""",[0.0],"[0, 0, 0, 0]"
113.283332348,,1081,,1636657994,40303945,"""None""",[0.0],"[0, 0, 0, 0]"
113.382721424,,1082,,1636657994,40303945,"""None""",[0.0],"[0, 0, 0, 0]"
113.482620955,,1083,,1636657994,40303945,"""None""",[0.0],"[0, 0, 0, 0]"
113.582599878,,1084,,1636657994,40303945,"""None""",[0.0],"[0, 0, 0, 0]"
113.683080673,,1085,,1636657994,40303945,"""None""",[0.0],"[0, 0, 0, 0]"
